"Original","New"
"VSIG4_66032468-66032749_66028049-66028112_66033473-66033664","VSIG4_AT_1"
"ARHGEF9_63724532-63724711_63706257-63706449_63785115-63785214","ARHGEF9_AT_2"
"PPP1R3F_49285834-49287727_49281980-49282063_49299275-49299435","PPP1R3F_AT_3"
"ARSA_50627556-50627792_50627165-50627406_50627945-50628170","ARSA_AT_4"
"L3MBTL2_41213851-41214026_41209695-41209933_41216138-41216262","L3MBTL2_AT_5"
"SLC25A17_40792525-40792676_40779008-40779125_40819194-40819350","SLC25A17_AT_6"
"PLA2G6_38128269-38128430_38126370-38126449_38129453-38129562","PLA2G6_AT_7"
"TOM1_35321959-35322019_35317876-35317961_35323027-35323177","TOM1_AT_8"
"GGT5_24233498-24233593_24232822-24233018_24233873-24234004","GGT5_AT_9"
"SETD4_36048308-36048396_36045581-36046011_36053582-36053620","SETD4_AT_10"
"UBE2V1_50096483-50096820_50084128-50084254_50113106-50113133","UBE2V1_AT_11"
"EPB41L1_36173764-36173954_36154739-36154896_36175550-36175715","EPB41L1_AT_12"
"EPB41L1_36209488-36209898_36197858-36198041_36212271-36212376","EPB41L1_AT_13"
"EPB41L1_36218876-36218962_36214356-36214440_36221863-36221934","EPB41L1_AT_14"
"EPB41L1_36219761-36219844_36214372-36214440_36221863-36221934","EPB41L1_AT_15"
"CPNE1_35655202-35655344_35632794-35632923_35658929-35658982","CPNE1_AT_16"
"MMP24_35263791-35263952_35254449-35254754_35267204-35267419","MMP24_AT_17"
"ASXL1_32429901-32430053_32429337-32429431_32431320-32431484","ASXL1_AT_18"
"ZNF337_25685567-25685662_25673194-25677037_25685995-25686122","ZNF337_AT_19"
"MGME1_17975684-17975903_17969800-17970370_17988165-17988298","MGME1_AT_20"
"ATRX_77693824-77693937_77688817-77688924_77696576-77696704","ATRX_AT_21"
"ATRX_77693824-77693937_77688817-77688927_77696576-77696704","ATRX_AT_22"
"TTYH1_54435828-54435873_54435541-54435684_54436090-54436171","TTYH1_AT_23"
"CARD8_48221730-48221855_48215137-48215384_48230437-48230647","CARD8_AT_24"
"ERCC1_45413963-45414034_45413433-45413745_45414860-45414960","ERCC1_AT_25"
"ZNF227_44229733-44229816_44228445-44228572_44234701-44234835","ZNF227_AT_26"
"LTBP4_40622950-40623021_40622400-40622667_40623603-40623732","LTBP4_AT_27"
"PLEKHG2_39420949-39420996_39420750-39420852_39421074-39421113","PLEKHG2_AT_28"
"SMARCE1_40645576-40645619_40637491-40637572_40645795-40645836","SMARCE1_AT_29"
"APMAP_24968892-24969084_24962924-24964022_24969525-24969660","APMAP_AT_30"
"SLC25A13_96234802-96234917_96208837-96208977_96277195-96277338","SLC25A13_AT_31"
"TNRC6C_78097745-78097861_78093619-78093763_78098342-78098537","TNRC6C_AT_32"
"IFT22_101318124-101318213_101315824-101316542_101318955-101319032","IFT22_AT_33"
"AP4M1_100102675-100102781_100101865-100101968_100103408-100103519","AP4M1_AT_34"
"AGAP3_151138143-151138313_151134399-151134568_151139978-151140116","AGAP3_AT_35"
"ZNF875_37335169-37335257_37334648-37334782_37347189-37347316","ZNF875_AT_36"
"RNF181_85596857-85596931_85596518-85596649_85597103-85597178","RNF181_AT_37"
"CDCA7L_21911617-21911754_21908129-21908507_21916753-21916894","CDCA7L_AT_38"
"FASTK_151077101-151077236_151076623-151076832_151077309-151077401","FASTK_AT_39"
"CEP41_130400039-130400254_130393770-130399039_130400706-130400821","CEP41_AT_40"
"PUM1_31006994-31007102_30995053-30995220_31028795-31028864","PUM1_AT_41"
"DAZAP1_1425878-1425960_1422347-1422396_1428841-1428995","DAZAP1_AT_42"
"PPP4C_30081259-30081310_30076224-30076475_30082483-30082534","PPP4C_AT_43"
"PPP4C_30082746-30082963_30082483-30082534_30083393-30083567","PPP4C_AT_44"
"PYCR1_81934326-81934489_81932383-81933376_81934652-81934745","PYCR1_AT_45"
"GNPDA2_44722084-44722242_44710952-44711137_44726473-44726545","GNPDA2_AT_46"
"SNAP91_83556143-83556245_83552879-83554285_83560103-83560208","SNAP91_AT_47"
"RNF8_37381150-37381354_37376925-37377033_37390741-37391168","RNF8_AT_48"
"TMCO3_113547300-113547379_113539356-113539507_113548302-113548452","TMCO3_AT_49"
"NRM_30689276-30689452_30688046-30688942_30690841-30690967","NRM_AT_50"
"NRM_30690047-30690243_30688046-30688942_30690841-30690976","NRM_AT_51"
"NUP153_17668975-17669028_17665238-17665385_17669292-17669337","NUP153_AT_52"
"NQO2_3015530-3015643_3012543-3012674_3016883-3016985","NQO2_AT_53"
"FBXO38_148427213-148427722_148425521-148425701_148433423-148433524","FBXO38_AT_54"
"FBXO38_148427213-148427947_148425521-148425701_148433423-148433524","FBXO38_AT_55"
"TOM1L2_17882705-17882863_17879626-17879743_17893660-17893810","TOM1L2_AT_56"
"ANKHD1_140496520-140497278_140486957-140487060_140504820-140504966","ANKHD1_AT_57"
"AFF4_132927121-132927207_132904367-132904404_132932177-132932222","AFF4_AT_58"
"PHKB_47463882-47463993_47461294-47461426_47497398-47497488","PHKB_AT_59"
"PHKB_47463899-47463993_47461122-47461426_47497398-47497488","PHKB_AT_60"
"EDIL3_84229855-84229884_84180392-84180521_84254083-84254212","EDIL3_AT_61"
"OARD1_41068841-41068953_41064771-41067437_41070075-41070134","OARD1_AT_62"
"C2orf76_119321154-119321204_119317465-119317503_119339826-119339971","C2orf76_AT_63"
"MCCC2_71626640-71626753_71604355-71604468_71632120-71632185","MCCC2_AT_64"
"SLC12A2_128177105-128177152_128174540-128174666_128178566-128178689","SLC12A2_AT_65"
"TRMO_97916164-97916338_97913251-97913558_97922417-97922487","TRMO_AT_66"
"FAM210A_13671862-13671973_13663346-13666713_13681604-13682105","FAM210A_AT_67"
"CAMK2G_73825279-73825347_73824039-73824084_73837467-73837511","CAMK2G_AT_68"
"THAP8_36039944-36040136_36039322-36039718_36054134-36054285","THAP8_AT_69"
"KLHL2_165228807-165228913_165219933-165220059_165238777-165238831","KLHL2_AT_70"
"ANAPC10_145064572-145064692_144994574-144995603_145081659-145081750","ANAPC10_AT_71"
"METTL14_118705611-118705821_118703934-118704051_118709997-118715430","METTL14_AT_72"
"ANK2_113373285-113373449_113369513-113373173_113381456-113381471","ANK2_AT_73"
"BCS1L_218660939-218661307_218659682-218659743_218661405-218661416","BCS1L_AT_74"
"MON1A_49911526-49912011_49910118-49910884_49913219-49913359","MON1A_AT_75"
"SUMF2_56074586-56074639_56074173-56074218_56076833-56076889","SUMF2_AT_76"
"CAPN10_240596681-240596942_240595933-240596521_240597887-240598087","CAPN10_AT_77"
"VHL_10146514-10146636_10141777-10142187_10149786-10150145","VHL_AT_78"
"RAB28_13460699-13460828_13381490-13381594_13474317-13474322","RAB28_AT_79"
"SH3BP2_2831923-2831978_2831570-2831679_2832330-2832412","SH3BP2_AT_80"
"DHDDS_26447559-26447660_26446315-26446432_26457790-26457905","DHDDS_AT_81"
"CTBP1_1241325-1241519_1238182-1238337_1248915-1248976","CTBP1_AT_82"
"KLHL8_87185251-87185799_87183202-87183389_87195323-87195690","KLHL8_AT_83"
"SKA2_59119319-59119495_59109856-59112345_59154955-59155177","SKA2_AT_84"
"HS1BP3_20640973-20641180_20634715-20638652_20645339-20645505","HS1BP3_AT_85"
"ZNF326_90007345-90007750_90005132-90005244_90010087-90010286","ZNF326_AT_86"
"ZNF326_90007612-90007750_90005132-90005244_90010087-90010286","ZNF326_AT_87"
"EEFSEC_128264617-128264781_128262127-128262224_128341232-128341889","EEFSEC_AT_88"
"MFSD1_158805341-158805474_158804318-158804371_158807039-158807082","MFSD1_AT_89"
"MFSD1_158805362-158805474_158804230-158804371_158807039-158807082","MFSD1_AT_90"
"TOMM34_44948730-44948877_44943452-44943579_44951832-44952002","TOMM34_AT_91"
"OCIAD2_48899829-48899925_48897803-48897857_48904483-48904611","OCIAD2_AT_92"
"PPIL3_200882342-200882435_200881420-200881488_200885261-200885367","PPIL3_AT_93"
"PPIL3_200882342-200882435_200881420-200881488_200885697-200885772","PPIL3_AT_94"
"NTPCR_232969909-232970118_232956346-232956443_232978162-232978482","NTPCR_AT_95"
"LRCH3_197866112-197866219_197865422-197865471_197870159-197870176","LRCH3_AT_96"
"STARD3NL_38217025-38217078_38215027-38215105_38217187-38217269","STARD3NL_AT_97"
"CIBAR1_93718675-93718788_93709762-93709875_93726393-93726513","CIBAR1_AT_98"
"PLSCR1_146528614-146528831_146525604-146525647_146533469-146533550","PLSCR1_AT_99"
"POGK_166847494-166847592_166840954-166841088_166848937-166849208","POGK_AT_100"
"ADGRB2_31742838-31743002_31742052-31742217_31744192-31744357","ADGRB2_AT_101"
"ADGRB2_31744193-31744357_31742837-31743002_31744647-31744731","ADGRB2_AT_102"
"TOR3A_179085628-179085893_179082718-179083053_179087910-179088083","TOR3A_AT_103"
"NAV1_201788468-201788638_201786428-201786577_201789739-201789792","NAV1_AT_104"
"EPM2A_145635245-145635486_145625303-145627693_145686121-145686219","EPM2A_AT_105"
"GUSB_65979834-65979911_65979398-65979541_65980223-65980409","GUSB_AT_106"
"TMEM64_90631552-90631707_90621999-90625862_90645110-90646083","TMEM64_AT_107"
"EIF4A2_186784962-186785101_186784563-186784696_186785882-186785913","EIF4A2_AT_108"
"PRUNE1_151018467-151018669_151017811-151017904_151024610-151024795","PRUNE1_AT_109"
"ZNF34_144777458-144777577_144772223-144774605_144778037-144778164","ZNF34_AT_110"
"EHBP1_62987931-62988038_62979187-62979335_62990715-62990840","EHBP1_AT_111"
"DESI2_244689249-244689342_244686596-244686669_244691878-244691922","DESI2_AT_112"
"ZNF621_40529319-40529445_40525778-40525864_40530208-40530316","ZNF621_AT_113"
"CCNDBP1_43190055-43190151_43189198-43189280_43190324-43190398","CCNDBP1_AT_114"
"BCLAF1_136267029-136267175_136261264-136261477_136268161-136268273","BCLAF1_AT_115"
"KIAA0319L_35506612-35507135_35478965-35479212_35554349-35554519","KIAA0319L_AT_116"
"RBM34_235160511-235160647_235154880-235155112_235160892-235161067","RBM34_AT_117"
"TRMU_46355990-46356072_46353516-46355588_46356841-46356979","TRMU_AT_118"
"CDK5RAP1_33387323-33387533_33385649-33385770_33392141-33392242","CDK5RAP1_AT_119"
"HTRA2_74532619-74532714_74531855-74531925_74532819-74533152","HTRA2_AT_120"
"NUP85_75225124-75225237_75218207-75218306_75225341-75225464","NUP85_AT_121"
"RCOR3_211312720-211312961_211301460-211304140_211313423-211313839","RCOR3_AT_122"
"SARAF_30073877-30074055_30069641-30070059_30082846-30082948","SARAF_AT_123"
"MAP4_47869214-47869327_47867245-47867338_47870812-47871105","MAP4_AT_124"
"SLC16A14_230049761-230049904_230045656-230046722_230059093-230059366","SLC16A14_AT_125"
"ZNF680_64544306-64544432_64543706-64543802_64562924-64563041","ZNF680_AT_126"
"NUP98_3686064-3686194_3683199-3683441_3691346-3691489","NUP98_AT_127"
"PACRGL_20709683-20709773_20707802-20707870_20712787-20712831","PACRGL_AT_128"
"PACRGL_20712788-20712922_20704659-20704814_20713431-20713516","PACRGL_AT_129"
"GOLGA4_37286014-37286061_37281957-37282272_37289234-37289291","GOLGA4_AT_130"
"TMX2_57737836-57738026_57737607-57737668_57738353-57738430","TMX2_AT_131"
"VEGFA_43781956-43782087_43778888-43778918_43784540-43784562","VEGFA_AT_132"
"MARK1_220657790-220657834_220653097-220653352_220661811-220664358","MARK1_AT_133"
"RBCK1_420871-421031_419557-419731_422126-422238","RBCK1_AT_134"
"UMPS_124735093-124735246_124730451-124730627_124737567-124738239","UMPS_AT_135"
"GAK_913607-913668_904636-904779_932042-932220","GAK_AT_136"
"DHX33_5463529-5463689_5462318-5462546_5468570-5468982","DHX33_AT_137"
"PGS1_78396308-78396385_78392475-78392665_78398251-78398268","PGS1_AT_138"
"BTF3L4_52059835-52059901_52056198-52056379_52064824-52064938","BTF3L4_AT_139"
"UBXN11_26294205-26294331_26285822-26286037_26296918-26296995","UBXN11_AT_140"
"ATP13A2_16989887-16990003_16989690-16989770_16990126-16990287","ATP13A2_AT_141"
"SORBS2_185651784-185651828_185649466-185649656_185652661-185652688","SORBS2_AT_142"
"AFTPH_64579486-64581273_64572945-64573068_64585421-64585545","AFTPH_AT_143"
"PTPRN_219297885-219298103_219297232-219297433_219299046-219299111","PTPRN_AT_144"
"OLA1_174246715-174246815_174229307-174229451_174248451-174248475","OLA1_AT_145"
"SDR39U1_24441674-24441795_24440203-24440926_24442177-24442260","SDR39U1_AT_146"
"TBC1D14_7009877-7009948_7006631-7006726_7010652-7010777","TBC1D14_AT_147"
"PTPRN2_158110829-158110915_158081297-158081377_158133676-158134059","PTPRN2_AT_148"
"LRP8_53257240-53257464_53255116-53255185_53258318-53258465","LRP8_AT_149"
"LRP8_53271028-53271153_53266472-53266647_53271226-53271250","LRP8_AT_150"
"PAQR3_78935121-78935283_78930169-78930325_78939039-78939225","PAQR3_AT_151"
"UBE2D4_43942954-43943031_43938430-43938494_43948631-43948737","UBE2D4_AT_152"
"ITGB3BP_63490083-63490218_63478763-63478833_63508527-63508570","ITGB3BP_AT_153"
"ZBTB8OS_32634768-32634792_32633950-32634110_32650432-32650535","ZBTB8OS_AT_154"
"NAP1L1_76067371-76067473_76060137-76060279_76074202-76074239","NAP1L1_AT_155"
"UBE2J2_1267733-1267992_1263345-1263386_1273665-1273815","UBE2J2_AT_156"
"UBE2J2_1267862-1267992_1262852-1263386_1273665-1273833","UBE2J2_AT_157"
"RC3H2_122857923-122858093_122855731-122855878_122858668-122859102","RC3H2_AT_158"
"MXI1_110244828-110244873_110228188-110228321_110279179-110279294","MXI1_AT_159"
"YIPF2_10927630-10927716_10925685-10925773_10927798-10927959","YIPF2_AT_160"
"ARL16_81683013-81683126_81682033-81682149_81683535-81683594","ARL16_AT_161"
"USP19_49117059-49117361_49116726-49116943_49117436-49117570","USP19_AT_162"
"USP19_49117209-49117361_49116726-49116943_49117436-49117570","USP19_AT_163"
"CBR4_169007636-169007756_169006754-169006891_169009947-169010080","CBR4_AT_164"
"CLK2_155268708-155268795_155268292-155268359_155269487-155269713","CLK2_AT_165"
"UBQLN1_83666350-83666433_83665029-83665145_83669184-83669327","UBQLN1_AT_166"
"ATPAF1_46645161-46645256_46632736-46635970_46652580-46652628","ATPAF1_AT_167"
"ZEB2_144424796-144424867_144404835-144405024_144429768-144430026","ZEB2_AT_168"
"CMC2_80997314-80997429_80976049-80976179_81006733-81006854","CMC2_AT_169"
"LRRC49_70900922-70901024_70895848-70895936_70904551-70904596","LRRC49_AT_170"
"RFFL_35021371-35021781_35017522-35017606_35026373-35026561","RFFL_AT_171"
"THAP1_42839186-42839381_42836673-42838336_42843023-42843201","THAP1_AT_172"
"DNM1L_32737865-32737942_32737104-32737161_32740063-32740240","DNM1L_AT_173"
"BTN2A1_26458607-26458718_26457921-26458142_26459480-26459828","BTN2A1_AT_174"
"INIP_112689527-112689617_112683925-112687633_112694130-112694233","INIP_AT_175"
"PDS5B_32770654-32770761_32770120-32770560_32773188-32773324","PDS5B_AT_176"
"DOCK7_62544947-62545039_62543655-62543745_62552731-62552761","DOCK7_AT_177"
"RBBP8_23006363-23006432_23001570-23001729_23016827-23016924","RBBP8_AT_178"
"TTL_112485917-112485995_112482155-112482501_112494142-112494375","TTL_AT_179"
"LMAN2L_96733519-96733601_96711863-96712025_96734408-96734526","LMAN2L_AT_180"
"ECHDC2_52897437-52897484_52895909-52896597_52899173-52899224","ECHDC2_AT_181"
"BCL2L13_17696141-17696210_17688985-17689142_17726676-17730855","BCL2L13_AT_182"
"BCL2L13_17702243-17702386_17688985-17689142_17726676-17728699","BCL2L13_AT_183"
"LIAS_39462196-39462289_39460789-39460962_39463524-39463605","LIAS_AT_184"
"LIAS_39467518-39467646_39465284-39465342_39470018-39470164","LIAS_AT_185"
"PPP4R3B_55598416-55599039_55588878-55588956_55603977-55604076","PPP4R3B_AT_186"
"LARP1_154793800-154793922_154793594-154793723_154794099-154794262","LARP1_AT_187"
"SUN1_832505-832601_816614-816673_838797-838986","SUN1_AT_188"
"POLR2D_127850590-127850685_127843552-127848185_127858027-127858155","POLR2D_AT_189"
"POLR2D_127852925-127853105_127846698-127848185_127858027-127858117","POLR2D_AT_190"
"POLR2D_127852925-127853105_127850589-127850685_127858027-127858117","POLR2D_AT_191"
"DUS4L-BCAP29_107573704-107573821_107571144-107571266_107575187-107575310","DUS4L-BCAP29_AT_192"
"TINF2_24241890-24241994_24241674-24241776_24242140-24242342","TINF2_AT_193"
"PARL_183833724-183833825_183833491-183833589_183840569-183840640","PARL_AT_194"
"NUDT22_64227568-64227666_64226634-64227132_64229246-64229344","NUDT22_AT_195"
"BRPF1_9744224-9744508_9743577-9743901_9745007-9745155","BRPF1_AT_196"
"C12orf4_4517061-4517189_4505305-4505380_4518057-4518255","C12orf4_AT_197"
"EIF2D_206599463-206599612_206599002-206599092_206599732-206599836","EIF2D_AT_198"
"MAP7D1_36174898-36175008_36173363-36173478_36176198-36176321","MAP7D1_AT_199"
"MYO1B_191400749-191400835_191400381-191400468_191402631-191402718","MYO1B_AT_200"
"RPL7L1_42880861-42880966_42879615-42879951_42883450-42883614","RPL7L1_AT_201"
"SDHC_161328396-161328497_161323613-161323670_161340593-161340655","SDHC_AT_202"
"WASHC2C_45759315-45759401_45757011-45757139_45763387-45763489","WASHC2C_AT_203"
"CERS4_8251044-8251249_8210705-8210862_8254498-8254602","CERS4_AT_204"
"CERS4_8251110-8251249_8210705-8210862_8254498-8254616","CERS4_AT_205"
"MYO9B_17210333-17210380_17209585-17209709_17210714-17210848","MYO9B_AT_206"
"RAF1_12612009-12612062_12609232-12609335_12618514-12618747","RAF1_AT_207"
"NUP42_23195839-23195915_23187051-23187146_23196679-23196766","NUP42_AT_208"
"NQO1_69714964-69715077_69713027-69713129_69718122-69718253","NQO1_AT_209"
"TNK2_195867169-195867264_195866888-195867016_195867360-195868709","TNK2_AT_210"
"SPECC1_20204333-20205912_20155988-20156236_20227412-20227620","SPECC1_AT_211"
"LSM1_38169802-38169917_38163338-38163840_38171964-38172033","LSM1_AT_212"
"MTERF4_241095130-241096438_241094276-241094432_241097242-241097427","MTERF4_AT_213"
"RBM6_49967470-49968748_49962575-49962685_49972058-49972148","RBM6_AT_214"
"RO60_193069034-193069634_193060033-193060222_193075819-193076040","RO60_AT_215"
"E2F6_11457179-11457233_11453581-11453798_11465771-11466103","E2F6_AT_216"
"ZNF131_43139165-43139309_43123208-43123310_43161248-43161294","ZNF131_AT_217"
"PRKAB2_147167767-147167933_147166845-147166939_147171988-147172167","PRKAB2_AT_218"
"SLC66A2_79919184-79919400_79902419-79904183_79943328-79943462","SLC66A2_AT_219"
"SIRT6_4180782-4180909_4179103-4179286_4182473-4182500","SIRT6_AT_220"
"SEMA6C_151136448-151136579_151136010-151136163_151136856-151137074","SEMA6C_AT_221"
"SEMA6C_151137986-151138105_151137710-151137799_151138315-151138406","SEMA6C_AT_222"
"NCOA2_70144642-70144848_70141183-70141399_70148272-70148483","NCOA2_AT_223"
"KANK1_732378-732617_731157-731266_734747-734835","KANK1_AT_224"
"SOCS7_38364752-38364856_38361710-38361775_38366286-38366417","SOCS7_AT_225"
"TBCE_235401503-235401587_235380018-235380149_235414432-235414618","TBCE_AT_226"
"POMT1_131506114-131506220_131502894-131503073_131506402-131506453","POMT1_AT_227"
"ANLN_36417080-36417190_36415757-36415884_36419243-36419479","ANLN_AT_228"
"ABHD14B_51971460-51971698_51969083-51970184_51973964-51974021","ABHD14B_AT_229"
"UIMC1_176969601-176969706_176958092-176958154_176970741-176970793","UIMC1_AT_230"
"SAAL1_18083535-18083728_18081410-18081503_18086865-18087054","SAAL1_AT_231"
"SAAL1_18083535-18083731_18081410-18081503_18086865-18087054","SAAL1_AT_232"
"WASHC5_125083713-125084022_125083112-125083258_125091614-125091792","WASHC5_AT_233"
"WASHC5_125083835-125084022_125083112-125083258_125091614-125091790","WASHC5_AT_234"
"GNE_36236832-36236984_36233919-36234132_36246030-36246482","GNE_AT_235"
"DCAF10_37857241-37857351_37854779-37854982_37860047-37860193","DCAF10_AT_236"
"SPAST_32098796-32098891_32089521-32089605_32114637-32114752","SPAST_AT_237"
"SPRING1_116720296-116720447_116719762-116719876_116737789-116738070","SPRING1_AT_238"
"CAMTA2_4982089-4982160_4981677-4981831_4982756-4982892","CAMTA2_AT_239"
"STYXL1_76021851-76021992_76005258-76005404_76028641-76028671","STYXL1_AT_240"
"GGA3_75244619-75244717_75243446-75243570_75246508-75246584","GGA3_AT_241"
"PTBP3_112275844-112276013_112268048-112268195_112297840-112297916","PTBP3_AT_242"
"MAPKAP1_125669818-125669907_125657650-125657799_125706970-125707212","MAPKAP1_AT_243"
"MAPKAP1_125672316-125672643_125669817-125669907_125706970-125707203","MAPKAP1_AT_244"
"MAPKAP1_125672400-125672643_125669817-125669907_125706970-125707198","MAPKAP1_AT_245"
"SLC2A8_127397376-127397538_127397168-127397286_127399906-127400006","SLC2A8_AT_246"
"SLC2A8_127405420-127405565_127404817-127404991_127407111-127407291","SLC2A8_AT_247"
"TOR2A_127732564-127732691_127731523-127732278_127733384-127733560","TOR2A_AT_248"
"FNBP1_129923844-129923939_129915965-129915980_129924959-129925157","FNBP1_AT_249"
"FNBP1_129923844-129923996_129908889-129908999_129924959-129925157","FNBP1_AT_250"
"FNBP1_129923844-129924026_129908889-129908999_129924959-129925157","FNBP1_AT_251"
"FNBP1_129923844-129924026_129915965-129915980_129924959-129925157","FNBP1_AT_252"
"CAMSAP1_135881633-135881794_135866378-135866536_135906999-135907228","CAMSAP1_AT_253"
"NSMF_137455239-137455307_137454390-137454443_137456410-137456486","NSMF_AT_254"
"MPDZ_13115248-13115334_13113930-13114021_13119501-13119649","MPDZ_AT_255"
"WAC_28595733-28596041_28590719-28590832_28608185-28608431","WAC_AT_256"
"SEC31A_82861631-82861708_82857688-82857764_82863317-82863392","SEC31A_AT_257"
"ZNF33B_42632295-42632439_42631807-42632024_42636919-42636972","ZNF33B_AT_258"
"STOML1_73989108-73989257_73988598-73988802_73990350-73990457","STOML1_AT_259"
"RHOU_228737673-228737731_228735478-228736004_228743284-228746664","RHOU_AT_260"
"MCCC1_183092409-183092545_183086692-183086788_183094558-183094605","MCCC1_AT_261"
"SLC41A3_126050943-126051050_126033603-126033678_126067946-126068180","SLC41A3_AT_262"
"SLTM_58899469-58899883_58898802-58898852_58901259-58901287","SLTM_AT_263"
"PRMT7_68347211-68347294_68346120-68346280_68352247-68352409","PRMT7_AT_264"
"GALK2_49283566-49283718_49239220-49239367_49292326-49292537","GALK2_AT_265"
"TUB_8095498-8095665_8094045-8094189_8096684-8096806","TUB_AT_266"
"IDH2_90091553-90091644_90088586-90088747_90102275-90102468","IDH2_AT_267"
"UEVLD_18534330-18534453_18529608-18532487_18536405-18536469","UEVLD_AT_268"
"NSD1_177238237-177238507_177235820-177235945_177239755-177239865","NSD1_AT_269"
"AMBRA1_46508191-46508370_46494123-46494204_46541944-46542981","AMBRA1_AT_270"
"SLC39A13_47413400-47413507_47412301-47412467_47413596-47413686","SLC39A13_AT_271"
"ACOX1_75960215-75960375_75957420-75957566_75973624-75973785","ACOX1_AT_272"
"CDC42BPA_227112671-227112913_227112311-227112422_227119803-227119937","CDC42BPA_AT_273"
"SPINDOC_63818527-63818652_63818215-63818365_63818801-63819002","SPINDOC_AT_274"
"PRDX5_64319734-64319868_64318120-64318386_64320864-64320903","PRDX5_AT_275"
"PRDX5_64320661-64320792_64318120-64318386_64320864-64320903","PRDX5_AT_276"
"NAGLU_42540950-42541206_42538669-42538755_42543027-42544449","NAGLU_AT_277"
"SPIDR_47396376-47396626_47293866-47294030_47440322-47440542","SPIDR_AT_278"
"SPIDR_47407861-47407961_47293866-47294030_47440322-47440397","SPIDR_AT_279"
"SPIDR_47728933-47729102_47727199-47727293_47735306-47735529","SPIDR_AT_280"
"STARD10_72757767-72757884_72755700-72755753_72758529-72758633","STARD10_AT_281"
"C2CD3_74161399-74161556_74139604-74139828_74168343-74168613","C2CD3_AT_282"
"DGLUCY_91204706-91204867_91199756-91199905_91215404-91215793","DGLUCY_AT_283"
"TTC17_43436164-43436334_43414589-43414776_43443324-43443584","TTC17_AT_284"
"EED_86266083-86266216_86263944-86264263_86276979-86277138","EED_AT_285"
"PUS3_125895907-125896330_125895223-125895789_125903169-125903206","PUS3_AT_286"
"KIN_7783081-7783175_7780263-7780307_7787819-7787993","KIN_AT_287"
"ORC4_147975902-147975975_147973447-147973524_148020632-148020726","ORC4_AT_288"
"FOXRED1_126271220-126271657_126269147-126269291_126272968-126273079","FOXRED1_AT_289"
"FOXRED1_126271351-126271657_126269162-126269291_126272968-126273079","FOXRED1_AT_290"
"FOXRED1_126274927-126275021_126271997-126273454_126275326-126275428","FOXRED1_AT_291"
"LRRC23_6912730-6913027_6909889-6910026_6913890-6914194","LRRC23_AT_292"
"LDLRAD4_13438244-13438384_13387340-13387762_13621116-13621271","LDLRAD4_AT_293"
"LETMD1_51052092-51052207_51048342-51049185_51053777-51053860","LETMD1_AT_294"
"LETMD1_51052092-51052207_51048342-51049185_51053811-51053860","LETMD1_AT_295"
"LETMD1_51056144-51056245_51048300-51048478_51056349-51056428","LETMD1_AT_296"
"R3HDM2_57289009-57289040_57283823-57284056_57295398-57295507","R3HDM2_AT_297"
"EHMT1_137752331-137752408_137743901-137744090_137754170-137754221","EHMT1_AT_298"
"PUF60_143824313-143824396_143821817-143821913_143829279-143829299","PUF60_AT_299"
"ZDHHC17_76797434-76797537_76764114-76764329_76805316-76805439","ZDHHC17_AT_300"
"ANKS1B_98829174-98829353_98800996-98801125_98832028-98832136","ANKS1B_AT_301"
"TXNRD1_104288931-104289040_104286681-104287109_104311289-104311412","TXNRD1_AT_302"
"CFLAR_201129729-201130146_201116163-201116481_201133028-201133102","CFLAR_AT_303"
"SSH1_108802322-108802368_108800779-108800926_108805055-108805184","SSH1_AT_304"
"OCIAD1_48857213-48857365_48851805-48852020_48860724-48861200","OCIAD1_AT_305"
"ABI2_203394700-203394846_203391043-203391143_203395655-203395780","ABI2_AT_306"
"GIT2_109951167-109951316_109947255-109947504_109953091-109953234","GIT2_AT_307"
"GIT2_109951212-109951316_109947255-109947504_109953091-109953234","GIT2_AT_308"
"CHFR_132869619-132869798_132861466-132861634_132870723-132870783","CHFR_AT_309"
"CHFR_132869619-132869834_132861466-132861634_132870723-132870783","CHFR_AT_310"
"ALG11_52024006-52024937_52014564-52019143_52028318-52028749","ALG11_AT_311"
"FBXL3_77021513-77021861_77018599-77018722_77026826-77027159","FBXL3_AT_312"
"NAXD_110625190-110625303_110624233-110624279_110627438-110627547","NAXD_AT_313"
"DROSHA_31521123-31521215_31515453-31515564_31526078-31526912","DROSHA_AT_314"
"HECTD1_31128612-31129307_31127784-31128006_31133237-31133414","HECTD1_AT_315"
"COX16_70342658-70342729_70329173-70329236_70359518-70359683","COX16_AT_316"
"ALKBH1_77694738-77694900_77679879-77679970_77704368-77704452","ALKBH1_AT_317"
"IKBKB_42288634-42288728_42271462-42272205_42290155-42290273","IKBKB_AT_318"
"HSP90AA1_102101875-102102085_102086216-102086378_102139249-102139686","HSP90AA1_AT_319"
"PCNP_101579589-101580004_101574185-101574279_101585436-101585511","PCNP_AT_320"
"ARHGEF2_155966820-155966887_155966415-155966479_155969155-155969300","ARHGEF2_AT_321"
"CCDC32_40553595-40554127_40531330-40532302_40557215-40557372","CCDC32_AT_322"
"SLC25A23_6452312-6452479_6444150-6444301_6453980-6454009","SLC25A23_AT_323"
"MYEF2_48149032-48149083_48134631-48143071_48149162-48149326","MYEF2_AT_324"
"ARPP19_52568848-52568902_52557099-52557222_52569115-52569154","ARPP19_AT_325"
"TCF4_55587045-55587136_55585279-55585352_55588037-55588150","TCF4_AT_326"
"DPP8_65454263-65454415_65451959-65452102_65456224-65456371","DPP8_AT_327"
"IQCB1_121788284-121788432_121781742-121781874_121790072-121790215","IQCB1_AT_328"
"IQCB1_121828470-121828632_121826050-121826180_121828860-121828972","IQCB1_AT_329"
"PMM2_8811079-8811178_8806315-8806407_8811637-8811667","PMM2_AT_330"
"ARHGAP17_24939364-24939597_24935469-24935639_24941986-24942143","ARHGAP17_AT_331"
"ZNF688_30571010-30571123_30569671-30570436_30571433-30571652","ZNF688_AT_332"
"RNF185_31187047-31187270_31160181-31160303_31192683-31192702","RNF185_AT_333"
"CIAPIN1_57440772-57440983_57439181-57439295_57447341-57447368","CIAPIN1_AT_334"
"ACD_67658555-67658641_67657985-67658362_67658719-67658816","ACD_AT_335"
"BCAR1_75237183-75237344_75235667-75235986_75242469-75242702","BCAR1_AT_336"
"MARF1_15600641-15600701_15600427-15600553_15601990-15602203","MARF1_AT_337"
"STK16_219247113-219247246_219245894-219246876_219247414-219247534","STK16_AT_338"
"CPTP_1326836-1327032_1324801-1325102_1327240-1327471","CPTP_AT_339"
"INPP5K_1513453-1513554_1509682-1509799_1513871-1513979","INPP5K_AT_340"
"RPS6KL1_74909101-74909190_74908849-74908932_74909542-74910148","RPS6KL1_AT_341"
"CCDC28B_32204186-32204379_32201912-32204045_32204597-32204620","CCDC28B_AT_342"
"CCDC28B_32204233-32204379_32203878-32204045_32204597-32204620","CCDC28B_AT_343"
"PIP5K1A_151242438-151242567_151239954-151240039_151246919-151246965","PIP5K1A_AT_344"
"SMARCE1_40642455-40642559_40637095-40637572_40645575-40645619","SMARCE1_AT_345"
"SMARCE1_40642455-40642559_40637095-40637572_40645795-40645847","SMARCE1_AT_346"
"RAMP2_42762355-42762463_42761833-42761899_42762596-42762698","RAMP2_AT_347"
"GOSR2_46935029-46935169_46932066-46932199_46938598-46938602","GOSR2_AT_348"
"ELMOD3_85371440-85371562_85371085-85371209_85377343-85377474","ELMOD3_AT_349"
"BPTF_67886128-67886316_67875555-67875744_67891843-67891962","BPTF_AT_350"
"MGLL_127710576-127710665_127694974-127695190_127721052-127721163","MGLL_AT_351"
"FHOD3_36658075-36658188_36625510-36625749_36681435-36681570","FHOD3_AT_352"
"TPGS2_36805374-36805397_36800197-36800311_36807846-36807934","TPGS2_AT_353"
"MBD1_50274977-50275045_50273563-50273863_50275128-50275155","MBD1_AT_354"
"PIP5K1C_3633437-3633520_3630182-3633169_3638883-3639016","PIP5K1C_AT_355"
"SNAPIN_153659138-153659184_153658702-153658886_153659447-153659566","SNAPIN_AT_356"
"ATG4D_10546839-10547115_10544956-10545130_10547188-10547253","ATG4D_AT_357"
"DNM2_10808569-10808580_10805915-10805967_10812263-10812377","DNM2_AT_358"
"MRI1_13765954-13766129_13764870-13765109_13768358-13768557","MRI1_AT_359"
"GATAD2A_19501969-19502043_19501117-19501416_19502330-19502526","GATAD2A_AT_360"
"ANKRD27_32646459-32646615_32644324-32644479_32649681-32649792","ANKRD27_AT_361"
"OPHN1_68063854-68064177_68053644-68053810_68073151-68073299","OPHN1_AT_362"
"OFD1_13763745-13763855_13762343-13762444_13767126-13767284","OFD1_AT_363"
"PACSIN2_42912021-42912157_42893456-42893613_43015020-43015098","PACSIN2_AT_364"
"NCOA5_46079387-46079453_46070209-46070536_46089816-46089962","NCOA5_AT_365"
"ACOT8_45843527-45843721_45841720-45841956_45844262-45844420","ACOT8_AT_366"
"ITPA_3213319-3213426_3213168-3213226_3213984-3214058","ITPA_AT_367"
"ZNF274_58185697-58185838_58183920-58183998_58186946-58187042","ZNF274_AT_368"
"ETHE1_43526201-43526349_43511436-43511566_43526514-43526659","ETHE1_AT_369"
"NETO2_47086226-47086339_47077702-47083801_47109482-47109711","NETO2_AT_370"
"ZKSCAN5_99520169-99520304_99519826-99519909_99525812-99526418","ZKSCAN5_AT_371"
"RBM39_35729462-35729551_35729311-35729365_35731940-35732135","RBM39_AT_372"
"SHMT2_57231481-57231560_57230702-57231000_57231712-57231890","SHMT2_AT_373"
"HERPUD2_35673201-35673278_35667433-35667588_35694183-35694627","HERPUD2_AT_374"
"CDCA7L_21911617-21911751_21908366-21908507_21916753-21916894","CDCA7L_AT_375"
"GAN_81351583-81351697_81314961-81315280_81354404-81354755","GAN_AT_376"
"GNPDA2_44722084-44722242_44718308-44718410_44726473-44726545","GNPDA2_AT_377"
"BRPF3_36211258-36211560_36210200-36210528_36217916-36218010","BRPF3_AT_378"
"HNRNPH1_179619269-179619360_179618144-179618323_179620891-179620959","HNRNPH1_AT_379"
"ASPSCR1_81979184-81979239_81977549-81977748_81983553-81983626","ASPSCR1_AT_380"
"OTULIN_14673642-14673718_14664717-14664977_14678680-14678775","OTULIN_AT_381"
"ZKSCAN3_28363692-28363815_28363302-28363385_28365425-28366746","ZKSCAN3_AT_382"
"GLRB_157152718-157153010_157143806-157143959_157170431-157170806","GLRB_AT_383"
"ZNF483_111527268-111527807_111525158-111525262_111530874-111530963","ZNF483_AT_384"
"SUMF2_56074174-56074218_56072996-56073111_56076833-56076889","SUMF2_AT_385"
"ZFPM2_105419144-105419302_105318437-105318981_105444279-105444381","ZFPM2_AT_386"
"SKA2_59131281-59131367_59119298-59119495_59155130-59155174","SKA2_AT_387"
"TP53I3_24079444-24079640_24077432-24077761_24080818-24081031","TP53I3_AT_388"
"PAK1IP1_10697324-10697486_10694971-10695069_10702368-10702489","PAK1IP1_AT_389"
"NIN_50821874-50822077_50805916-50806818_50830463-50830479","NIN_AT_390"
"ENKD1_67663657-67663820_67663419-67663556_67666070-67666265","ENKD1_AT_391"
"MIF4GD_75267746-75267901_75266511-75267630_75268082-75268192","MIF4GD_AT_392"
"ABHD14A-ACY1_51985207-51985271_51984046-51984158_51985360-51985465","ABHD14A-ACY1_AT_393"
"ZNF562_9656547-9656653_9641806-9653881_9658008-9658135","ZNF562_AT_394"
"JARID2_15410224-15410365_15374116-15374252_15452005-15452175","JARID2_AT_395"
"RNPEP_201989383-201989531_201988903-201989044_201996146-201996263","RNPEP_AT_396"
"ICMT_6233474-6233643_6231901-6232119_6234885-6234974","ICMT_AT_397"
"NSD3_38299444-38299590_38295795-38295952_38304586-38304757","NSD3_AT_398"
"FLOT1_30741792-30741867_30741189-30741333_30742146-30742203","FLOT1_AT_399"
"PCMTD1_51860845-51861246_51845660-51845763_51898929-51899036","PCMTD1_AT_400"
"PPOX_161167100-161167234_161166839-161166934_161170619-161170769","PPOX_AT_401"
"PPOX_161168432-161168576_161167099-161167234_161168992-161169183","PPOX_AT_402"
"ITGB1BP1_9414178-9414256_9412067-9412405_9423372-9423522","ITGB1BP1_AT_403"
"ZNF346_177050703-177050936_177044388-177044533_177062057-177062151","ZNF346_AT_404"
"MDM4_204544535-204544684_204542783-204542944_204546796-204546832","MDM4_AT_405"
"ZBTB24_109476763-109476930_109476174-109476258_109481074-109482054","ZBTB24_AT_406"
"ZNF512_27583658-27583716_27582968-27583142_27598069-27598254","ZNF512_AT_407"
"PTPN13_86701241-86701801_86693586-86693674_86716529-86716625","PTPN13_AT_408"
"HACE1_104811311-104811393_104796928-104797025_104833041-104833173","HACE1_AT_409"
"ABCC1_16068156-16068302_16056091-16056295_16071641-16071729","ABCC1_AT_410"
"UQCRH_46309101-46309143_46303697-46303820_46310154-46310316","UQCRH_AT_411"
"DMTF1_87166483-87166605_87164933-87165050_87170994-87171017","DMTF1_AT_412"
"MYRIP_40233859-40234053_40209853-40210093_40244445-40244607","MYRIP_AT_413"
"MYRIP_40233896-40234053_40209853-40210093_40244445-40244607","MYRIP_AT_414"
"ZNF35_44652557-44652701_44650940-44651259_44658700-44658765","ZNF35_AT_415"
"RANBP3_5957918-5957968_5941798-5941835_5978060-5978093","RANBP3_AT_416"
"FAAP20_2193998-2194133_2193638-2193910_2194687-2194741","FAAP20_AT_417"
"SORBS3_22566345-22566484_22565677-22565872_22566660-22566694","SORBS3_AT_418"
"B3GALNT2_235489168-235489268_235484321-235484515_235494680-235494828","B3GALNT2_AT_419"
"MTA1_105449359-105449409_105445417-105445511_105450057-105450184","MTA1_AT_420"
"PRR14L_31738387-31738911_31725537-31725610_31749992-31750132","PRR14L_AT_421"
"CROCC_16971465-16971647_16970635-16970767_16972359-16972964","CROCC_AT_422"
"VPS53_661809-661895_655837-655953_697417-697484","VPS53_AT_423"
"ZNF91_23373742-23373837_23357695-23362725_23395324-23395457","ZNF91_AT_424"
"ZNF91_23374638-23374764_23359402-23362725_23395324-23395446","ZNF91_AT_425"
"ZNF7_144829478-144829604_144829041-144829090_144837390-144837507","ZNF7_AT_426"
"INIP_112716461-112716541_112694033-112694233_112717986-112718086","INIP_AT_427"
"RYK_134177941-134178073_134175929-134176039_134183001-134183033","RYK_AT_428"
"GAS8_90035633-90035687_90032717-90032924_90036380-90036586","GAS8_AT_429"
"IDH3G_153790810-153790971_153790563-153790575_153794245-153794356","IDH3G_AT_430"
"BRPF1_9744224-9744541_9743580-9743901_9745007-9745155","BRPF1_AT_431"
"CERS4_8251076-8251249_8210682-8210862_8254498-8254616","CERS4_AT_432"
"RAF1_12611950-12612098_12609232-12609335_12618514-12618747","RAF1_AT_433"
"PBRM1_52554724-52554879_52550746-52550817_52558248-52558413","PBRM1_AT_434"
"JKAMP_59486681-59486804_59484568-59484593_59487673-59487828","JKAMP_AT_435"
"JKAMP_59486731-59486804_59484502-59484593_59487673-59487828","JKAMP_AT_436"
"TBL1XR1_177064920-177065022_177053772-177053918_177098465-177098493","TBL1XR1_AT_437"
"ZNF844_12074361-12074421_12074030-12074157_12075311-12081565","ZNF844_AT_438"
"LSS_46196202-46196267_46195675-46195756_46205835-46205941","LSS_AT_439"
"EEF1D_143586219-143586290_143581053-143581328_143586728-143586849","EEF1D_AT_440"
"BID_17750105-17750174_17743802-17744013_17774380-17774412","BID_AT_441"
"APTX_32988083-32988129_32987543-32987731_32989758-32989895","APTX_AT_442"
"GNE_36249192-36249397_36246030-36246482_36258320-36258329","GNE_AT_443"
"SPRYD7_49931018-49931134_49927918-49928085_49936129-49936340","SPRYD7_AT_444"
"ZNF254_24105940-24106066_24087183-24087337_24106547-24106643","ZNF254_AT_445"
"WNK2_93299070-93299261_93297852-93298067_93306776-93306821","WNK2_AT_446"
"ALKBH3_43901516-43901725_43889761-43889828_43919037-43919042","ALKBH3_AT_447"
"CNTRL_121171408-121171548_121169610-121169816_121173242-121173509","CNTRL_AT_448"
"ODF2_128469183-128469353_128460941-128461067_128471307-128471346","ODF2_AT_449"
"RFX1_13993525-13993895_13983485-13983595_14006102-14006267","RFX1_AT_450"
"AKR1E2_4837459-4837581_4835674-4835809_4842420-4842504","AKR1E2_AT_451"
"SEC61A2_12155778-12155931_12149851-12149961_12156906-12157067","SEC61A2_AT_452"
"MGA_41668828-41669958_41660396-41660525_41696074-41697023","MGA_AT_453"
"PDPR_70153391-70153573_70148463-70148553_70156474-70156614","PDPR_AT_454"
"ZNF451_57090833-57090894_57090210-57090274_57099060-57099141","ZNF451_AT_455"
"CHD8_21430801-21431643_21428963-21429335_21431810-21431858","CHD8_AT_456"
"CHD8_21430801-21431724_21428963-21429335_21431810-21431858","CHD8_AT_457"
"DDB2_47234757-47234934_47234572-47234672_47235269-47235412","DDB2_AT_458"
"SPIDR_47727200-47727293_47713488-47713641_47735306-47735916","SPIDR_AT_459"
"ZNF638_71348753-71350271_71331781-71331875_71355718-71355780","ZNF638_AT_460"
"FOXRED1_126271437-126271657_126269028-126269291_126272968-126273079","FOXRED1_AT_461"
"DYRK2_67649797-67649945_67648744-67649182_67657105-67665406","DYRK2_AT_462"
"USP30_109056682-109056791_109052575-109052761_109067523-109067627","USP30_AT_463"
"MYO9A_72019039-72019095_72010349-72010447_72020917-72021017","MYO9A_AT_464"
"RPLP0_120198554-120198770_120197321-120197462_120198853-120199000","RPLP0_AT_465"
"MSI1_120368192-120368273_120364713-120364755_120368832-120368873","MSI1_AT_466"
"ARHGEF7_111209872-111210002_111153713-111153991_111217678-111217800","ARHGEF7_AT_467"
"STRN3_30929201-30929311_30918965-30919106_30935162-30935304","STRN3_AT_468"
"CHURC1_64926010-64926080_64923990-64924126_64932137-64935368","CHURC1_AT_469"
"LGMN_92704640-92704707_92703808-92704361_92706482-92706653","LGMN_AT_470"
"DICER1_95131509-95131639_95130057-95130192_95132514-95132677","DICER1_AT_471"
"AASDH_56384070-56384341_56381758-56382597_56387361-56387459","AASDH_AT_472"
"PCNP_101579790-101580004_101574179-101574279_101585436-101585511","PCNP_AT_473"
"UNKL_1413846-1414009_1403167-1403344_1414614-1414697","UNKL_AT_474"
"UNKL_1413846-1414055_1403167-1403344_1414614-1414691","UNKL_AT_475"
"MEIS2_37096289-37096407_37095563-37095614_37097966-37098199","MEIS2_AT_476"
"INTS14_65607159-65607442_65605128-65605236_65611097-65611131","INTS14_AT_477"
"AKAP10_19940887-19941010_19939712-19939849_19941825-19941910","AKAP10_AT_478"
"RHOT2_670696-670773_670454-670557_670891-671000","RHOT2_AT_479"
"ZNF75A_3308313-3308836_3305405-3305643_3311752-3311948","ZNF75A_AT_480"
"MON1B_77193437-77193777_77191475-77191633_77194334-77194555","MON1B_AT_481"
"RPS6KL1_74907435-74907530_74903950-74907124_74908849-74908932","RPS6KL1_AT_482"
"STARD3_39658709-39658820_39658404-39658522_39659050-39659106","STARD3_AT_483"
"P3H4_41803287-41803431_41801946-41802979_41806795-41806848","P3H4_AT_484"
"TSPOAP1_58304338-58304399_58301230-58302447_58305060-58305171","TSPOAP1_AT_485"
"TLK2_62523134-62523177_62522203-62522273_62536169-62536337","TLK2_AT_486"
"NPM1_171390075-171390130_171387880-171388006_171391304-171391369","NPM1_AT_487"
"RNMT_13759942-13760208_13754113-13754147_13762038-13762344","RNMT_AT_488"
"PBDC1_76176881-76176992_76175472-76175613_76177615-76178314","PBDC1_AT_489"
"GRK3_25644592-25644665_25604376-25604453_25661575-25661677","GRK3_AT_490"
"KLHL22_20488985-20489212_20471349-20471515_20495759-20495795","KLHL22_AT_491"
"KLHL22_20488985-20489244_20471349-20471515_20495759-20495792","KLHL22_AT_492"
"CHD6_41551305-41551360_41533049-41533570_41618339-41618377","CHD6_AT_493"
"ZNF274_58185712-58185838_58183493-58183998_58186946-58187023","ZNF274_AT_494"
"RCHY1_75491611-75491637_75490580-75490701_75491723-75491782","RCHY1_AT_495"
"KATNAL1_30255447-30255615_30240958-30241086_30280062-30280223","KATNAL1_AT_496"
"WIZ_15429586-15430089_15426981-15427533_15432433-15432761","WIZ_AT_497"
"SEPTIN10_109593051-109593119_109585719-109585838_109613797-109613835","SEPTIN10_AT_498"
"PUM1_30964674-30964910_30953713-30953981_30965981-30966197","PUM1_AT_499"
"PPA2_105437950-105438036_105424195-105424322_105446382-105446502","PPA2_AT_500"
"CNPY3_42934475-42934598_42929479-42929721_42935573-42935670","CNPY3_AT_501"
"GSTK1_143265261-143265296_143264547-143265092_143267616-143267733","GSTK1_AT_502"
"ZNF92_65387902-65388028_65373798-65374000_65388805-65388901","ZNF92_AT_503"
"UBE2Q2_75879098-75879188_75873427-75873568_75883365-75883424","UBE2Q2_AT_504"
"YTHDC2_113524981-113525177_113515271-113515362_113526585-113526703","YTHDC2_AT_505"
"FAM172A_93958777-93958968_93881310-93881688_93964457-93964523","FAM172A_AT_506"
"OARD1_41070076-41070134_41066787-41067437_41071131-41071217","OARD1_AT_507"
"PIKFYVE_208273584-208273733_208271510-208271691_208285725-208285933","PIKFYVE_AT_508"
"ZNF480_52314153-52314279_52300393-52300484_52315833-52315962","ZNF480_AT_509"
"RNF170_42865416-42865489_42861329-42861855_42870003-42870112","RNF170_AT_510"
"GRK4_3009648-3009711_3007735-3007828_3013687-3013828","GRK4_AT_511"
"IFI27_94111625-94111773_94110735-94110797_94114850-94114880","IFI27_AT_512"
"IFI27_94111659-94111773_94110677-94110797_94114850-94114880","IFI27_AT_513"
"FBXL4_98917374-98917719_98905425-98905670_98926476-98927060","FBXL4_AT_514"
"MEMO1_31883386-31883462_31869847-31869952_31891991-31892134","MEMO1_AT_515"
"MANEAL_37796744-37796820_37795736-37795846_37799566-37800448","MANEAL_AT_516"
"COP1_176175910-176176007_176149005-176149074_176184632-176184664","COP1_AT_517"
"WRAP73_3635160-3635294_3634996-3635074_3635943-3636030","WRAP73_AT_518"
"GABBR1_29630458-29630643_29629086-29629107_29631395-29631599","GABBR1_AT_519"
"EGLN1_231367569-231367636_231363750-231366475_231370561-231370698","EGLN1_AT_520"
"IDH3B_2658638-2658837_2658394-2658522_2659524-2659585","IDH3B_AT_521"
"TM2D1_61723713-61723772_61709328-61709437_61724901-61725144","TM2D1_AT_522"
"GTPBP8_112995135-112995265_112993025-112993124_112996891-112996991","GTPBP8_AT_523"
"WDR41_77464761-77464809_77463092-77463226_77489456-77489557","WDR41_AT_524"
"MTMR14_9689964-9690143_9688943-9689082_9697710-9697866","MTMR14_AT_525"
"DAP3_155729042-155729122_155727500-155727738_155729207-155729261","DAP3_AT_526"
"ZNF346_177044389-177044533_177041777-177041870_177062057-177062151","ZNF346_AT_527"
"ZNF346_177050751-177050936_177041777-177041870_177062057-177062151","ZNF346_AT_528"
"ZC3HC1_130048974-130049144_130039463-130039547_130051220-130051369","ZC3HC1_AT_529"
"DNAJC10_182736249-182736386_182732482-182732542_182740298-182740388","DNAJC10_AT_530"
"HP1BP3_20780345-20780540_20779811-20779911_20786185-20786283","HP1BP3_AT_531"
"CLASP2_33588705-33588731_33584749-33584920_33592212-33592239","CLASP2_AT_532"
"ABCC8_17395172-17395275_17394265-17394399_17395609-17395638","ABCC8_AT_533"
"BEND5_48742623-48742771_48736238-48736452_48758899-48759284","BEND5_AT_534"
"CHCHD5_112586200-112586365_112584608-112584649_112588865-112589040","CHCHD5_AT_535"
"ARID4A_58347020-58347117_58346410-58346505_58347646-58347878","ARID4A_AT_536"
"DDX19B_70312609-70312657_70299185-70299354_70314901-70314955","DDX19B_AT_537"
"DDX19B_70317496-70317588_70315968-70316104_70324584-70324687","DDX19B_AT_538"
"RALGPS2_178833424-178833550_178821611-178821704_178877497-178877635","RALGPS2_AT_539"
"ADAL_43347016-43347096_43345853-43345980_43348906-43349045","ADAL_AT_540"
"MEF2D_156476494-156476514_156475107-156475237_156477011-156477202","MEF2D_AT_541"
"SRSF10_23971573-23971623_23966444-23967723_23971849-23972012","SRSF10_AT_542"
"EDEM1_5210175-5210248_5208092-5208263_5211119-5211216","EDEM1_AT_543"
"LDAH_20739971-20740205_20701569-20701652_20774809-20774979","LDAH_AT_544"
"CDC7_91513948-91514043_91513057-91513307_91514818-91514997","CDC7_AT_545"
"ACHE_100892687-100892818_100891168-100891338_100893164-100894233","ACHE_AT_546"
"AGPAT4_161154149-161154310_161153345-161153499_161166247-161166417","AGPAT4_AT_547"
"GSE1_85665015-85665128_85663343-85663614_85665975-85666347","GSE1_AT_548"
"MRPL48_73808313-73808350_73805026-73805079_73825707-73825796","MRPL48_AT_549"
"NR2C1_95040476-95040597_95031348-95031488_95049067-95049233","NR2C1_AT_550"
"EXOSC7_44989550-44989644_44976243-44976334_44997086-44997252","EXOSC7_AT_551"
"BBS1_66511205-66511239_66510633-66511089_66514405-66514498","BBS1_AT_552"
"ACAD10_111712498-111712657_111709525-111709684_111715820-111715962","ACAD10_AT_553"
"ACAD10_111729806-111729956_111727961-111728143_111733922-111734068","ACAD10_AT_554"
"KITLG_88515534-88515617_88507027-88507137_88516333-88516490","KITLG_AT_555"
"ELAPOR2_86964904-86965024_86947726-86947922_87059324-87059631","ELAPOR2_AT_556"
"HDAC3_141634811-141634953_141629859-141630125_141636547-141636630","HDAC3_AT_557"
"APBB1_6401977-6401982_6401051-6401688_6402081-6402209","APBB1_AT_558"
"PTPN4_119881786-119881830_119877442-119877542_119882096-119882146","PTPN4_AT_559"
"BIN1_127068163-127068255_127063932-127064018_127068923-127069031","BIN1_AT_560"
"RBM23_22909483-22909595_22905584-22906368_22918998-22919138","RBM23_AT_561"
"TAC1_97734248-97734292_97733722-97733819_97734825-97734849","TAC1_AT_562"
"NAGK_71070502-71070586_71068277-71068712_71070740-71070839","NAGK_AT_563"
"ZSCAN29_43368923-43369127_43366109-43366808_43369595-43369676","ZSCAN29_AT_564"
"PMS2_6005892-6006026_6003971-6004058_6008996-6009075","PMS2_AT_565"
"CAMK1_9765759-9765890_9763138-9763213_9767666-9767781","CAMK1_AT_566"
"P4HTM_49004098-49004260_49002499-49002596_49006686-49007115","P4HTM_AT_567"
"SH3BP5_15256853-15257113_15254352-15256303_15258830-15258883","SH3BP5_AT_568"
"EPB41L3_5407701-5407736_5406776-5406968_5410565-5410619","EPB41L3_AT_569"
"ATXN2_111510385-111510444_111509890-111509998_111513356-111513539","ATXN2_AT_570"
"WARS1_100369087-100369258_100361702-100361921_100376259-100376299","WARS1_AT_571"
"SMYD2_214305187-214305250_214281101-214281427_214314761-214314872","SMYD2_AT_572"
"CRCP_66127704-66127740_66114603-66114970_66145442-66145500","CRCP_AT_573"
"HNRNPM_8473664-8473708_8471325-8471427_8474166-8474244","HNRNPM_AT_574"
"NOTCH3_15184295-15184450_15181575-15181801_15184905-15185019","NOTCH3_AT_575"
"ZNF254_24106548-24106643_24087159-24087337_24126253-24126320","ZNF254_AT_576"
"LRRC40_70189092-70189273_70184784-70184914_70205389-70205579","LRRC40_AT_577"
"HACL1_15574977-15575082_15573158-15573242_15579909-15580045","HACL1_AT_578"
"ZFAND4_45652984-45653059_45651965-45652033_45663541-45663842","ZFAND4_AT_579"
"RHOBTB1_60910887-60910990_60892809-60892995_60911350-60911552","RHOBTB1_AT_580"
"NT5C2_103139406-103139479_103111692-103111805_103174857-103174982","NT5C2_AT_581"
"GLRX3_130179342-130179420_130174996-130175089_130180112-130180321","GLRX3_AT_582"
"SLTM_58899469-58899937_58898802-58898852_58901259-58901287","SLTM_AT_583"
"GALK2_49281987-49282085_49239219-49239367_49283565-49283579","GALK2_AT_584"
"TET3_74046278-74048411_74003109-74003166_74073548-74073639","TET3_AT_585"
"TMEM126B_85631687-85631808_85628592-85628688_85634085-85634176","TMEM126B_AT_586"
"ZNF213_3138975-3139098_3138417-3138541_3140688-3141532","ZNF213_AT_587"
"COPS7A_6727926-6728001_6724286-6724818_6728222-6728311","COPS7A_AT_588"
"ARHGEF25_57614516-57614605_57614330-57614400_57614688-57614781","ARHGEF25_AT_589"
"USP30_109057926-109058108_109056681-109056791_109067523-109067627","USP30_AT_590"
"NAXD_110627439-110627547_110615554-110615647_110634544-110634595","NAXD_AT_591"
"G2E3_30581076-30581116_30559157-30559272_30586717-30586815","G2E3_AT_592"
"FARS2_5404542-5404701_5368549-5369182_5431040-5431172","FARS2_AT_593"
"NID2_52027201-52027344_52020058-52020178_52028721-52028850","NID2_AT_594"
"ADARB1_45175730-45176664_45171609-45171684_45180329-45180444","ADARB1_AT_595"
"PCNP_101579842-101580004_101574189-101574279_101585436-101585511","PCNP_AT_596"
"NAE1_66826668-66826780_66826522-66826583_66830846-66830976","NAE1_AT_597"
"TAF1C_84183072-84183149_84182201-84182440_84183243-84183333","TAF1C_AT_598"
"INPP5K_1513453-1513561_1509682-1509799_1513871-1513979","INPP5K_AT_599"
"NT5C_75130965-75131105_75130567-75130867_75131180-75131281","NT5C_AT_600"
"RAB34_28715993-28716061_28715799-28715901_28716902-28716994","RAB34_AT_601"
"ZNF317_9157834-9158075_9157267-9157394_9158825-9158908","ZNF317_AT_602"
"ZNF266_9415654-9415742_9412428-9414720_9417827-9417908","ZNF266_AT_603"
"ARMC6_19042711-19042877_19033574-19033930_19051621-19052195","ARMC6_AT_604"
"ZNF724_23232167-23232293_23230859-23231361_23250239-23250390","ZNF724_AT_605"
"CDC25B_3800743-3800865_3800461-3800498_3800970-3801093","CDC25B_AT_606"
"ISOC2_55455636-55455845_55455259-55455330_55456348-55456489","ISOC2_AT_607"
"ERCC1_45413677-45413745_45407333-45409725_45416820-45416897","ERCC1_AT_608"
"MMS19_97468966-97469104_97468251-97468406_97469645-97469723","MMS19_AT_609"
"SGCE_94629719-94629821_94628201-94628359_94655989-94656147","SGCE_AT_610"
"JOSD2_50507574-50507699_50506377-50506572_50510285-50510445","JOSD2_AT_611"
"KCTD20_36474789-36475062_36470051-36470257_36479120-36479223","KCTD20_AT_612"
"PPT2-EGFL8_32155030-32155183_32154463-32154777_32155687-32155783","PPT2-EGFL8_AT_613"
"ANKHD1_140535362-140535538_140528183-140529796_140537337-140537589","ANKHD1_AT_614"
"PTDSS2_473895-473977_458673-460288_479084-479090","PTDSS2_AT_615"
"GBA2_35741672-35741890_35740824-35741064_35744296-35744412","GBA2_AT_616"
"SUMF2_56074586-56074736_56072996-56073111_56076833-56076889","SUMF2_AT_617"
"ME3_86447065-86447207_86446313-86446487_86448149-86448255","ME3_AT_618"
"RBM5_50110379-50110463_50109602-50109688_50110678-50110770","RBM5_AT_619"
"ITGB1BP1_9418626-9418732_9412268-9412405_9423372-9423430","ITGB1BP1_AT_620"
"FLAD1_154990339-154990528_154990158-154990257_154992712-154992786","FLAD1_AT_621"
"IAH1_9475987-9476039_9474550-9474647_9478221-9478370","IAH1_AT_622"
"BABAM1_17273904-17274024_17271596-17271655_17276494-17276555","BABAM1_AT_623"
"DCAF8_160225062-160225119_160224441-160224549_160225590-160225663","DCAF8_AT_624"
"SDCCAG8_243293091-243293219_243286271-243286397_243304712-243304777","SDCCAG8_AT_625"
"IFT80_160366043-160366152_160357484-160357578_160375811-160375880","IFT80_AT_626"
"ZNF692_248855558-248855635_248855379-248855458_248855724-248855943","ZNF692_AT_627"
"AKR1A1_45568485-45568684_45567981-45568177_45568926-45568999","AKR1A1_AT_628"
"SDR39U1_24442098-24442260_24440782-24440926_24442345-24442694","SDR39U1_AT_629"
"SDR39U1_24442109-24442260_24440782-24440926_24442345-24442375","SDR39U1_AT_630"
"SGCB_52033431-52033640_52029677-52029863_52038226-52038245","SGCB_AT_631"
"RABEPK_125220539-125220700_125213369-125213522_125227909-125228059","RABEPK_AT_632"
"MOGS_74464496-74464722_74461183-74463386_74464895-74464987","MOGS_AT_633"
"LARP1_154793800-154794000_154793594-154793723_154794099-154794195","LARP1_AT_634"
"NDUFS2_161203403-161203543_161201680-161202480_161206406-161206597","NDUFS2_AT_635"
"PPP1R18_30684408-30684544_30679178-30679389_30687113-30687193","PPP1R18_AT_636"
"PTP4A3_141427750-141427824_141426938-141427069_141430926-141432415","PTP4A3_AT_637"
"TCTN1_110634670-110634779_110632471-110632559_110636480-110636501","TCTN1_AT_638"
"GADD45G_89605432-89605533_89605011-89605174_89605666-89605880","GADD45G_AT_639"
"FAM120A_93558581-93558718_93557826-93558010_93561108-93561250","FAM120A_AT_640"
"BIRC5_78216664-78216781_78214679-78214789_78223464-78225635","BIRC5_AT_641"
"MRPL43_100987090-100987196_100983754-100983817_100987312-100987433","MRPL43_AT_642"
"SNX19_130880622-130880806_130879623-130879711_130903254-130903384","SNX19_AT_643"
"PICALM_85976623-85976682_85974707-85974812_85981128-85981228","PICALM_AT_644"
"ACAD8_134257088-134257257_134256547-134256648_134258514-134258624","ACAD8_AT_645"
"SLC38A2_46370512-46370627_46367266-46367340_46370775-46370857","SLC38A2_AT_646"
"NCOR2_124340602-124340694_124340293-124340443_124341822-124342055","NCOR2_AT_647"
"NAXD_110625190-110625278_110624233-110624279_110627438-110627547","NAXD_AT_648"
"ERI3_44339045-44339316_44319627-44319744_44352849-44352925","ERI3_AT_649"
"ARHGEF2_155965631-155965760_155965302-155965412_155966415-155966479","ARHGEF2_AT_650"
"IMMP2L_110886593-110886695_110662643-110663721_110963499-110963565","IMMP2L_AT_651"
"SLC25A23_6452312-6452479_6444150-6444301_6454322-6454405","SLC25A23_AT_652"
"SLC25A23_6453981-6454088_6444150-6444301_6454322-6454405","SLC25A23_AT_653"
"MAN2C1_75363999-75364188_75362641-75362748_75364487-75364665","MAN2C1_AT_654"
"YPEL3_30094998-30095146_30094852-30094897_30095251-30095434","YPEL3_AT_655"
"RNF185_31195469-31195581_31192683-31192702_31196935-31196990","RNF185_AT_656"
"STRADA_63707247-63707418_63706634-63706739_63710490-63710614","STRADA_AT_657"
"SLC27A1_17488848-17488939_17487459-17487529_17489007-17489065","SLC27A1_AT_658"
"DECR1_90017124-90017326_90001476-90001561_90018908-90018966","DECR1_AT_659"
"MTURN_30146177-30146299_30134985-30135298_30157437-30162760","MTURN_AT_660"
"ZBTB17_15946935-15947123_15945845-15946294_15948290-15948497","ZBTB17_AT_661"
"FLAD1_154983842-154984066_154983358-154983397_154988104-154988433","FLAD1_AT_662"
"GUSB_65979399-65979541_65976014-65976202_65980223-65980409","GUSB_AT_663"
"BPNT1_220079727-220079854_220073966-220074071_220089685-220089772","BPNT1_AT_664"
"NEPRO_113012734-113013403_113011044-113011406_113013952-113014032","NEPRO_AT_665"
"MLH1_37017506-37017599_37014431-37014544_37025636-37026007","MLH1_AT_666"
"GSE1_85633914-85634132_85555966-85556363_85648551-85648751","GSE1_AT_667"
"NSUN4_46346921-46347075_46344781-46345144_46352867-46352958","NSUN4_AT_668"
"ZFTA_63764038-63764598_63759891-63763869_63764867-63765254","ZFTA_AT_669"
"TARBP2_53505135-53505262_53504611-53504815_53505648-53505686","TARBP2_AT_670"
"DIS3L2_232136472-232136719_232130618-232130719_232163458-232163632","DIS3L2_AT_671"
"DYNC2I1_158884564-158884619_158879683-158879989_158887020-158887075","DYNC2I1_AT_672"
"DCX_111312639-111312736_111293778-111301743_111330918-111331041","DCX_AT_673"
"DCX_111312642-111312736_111293778-111301743_111330918-111331041","DCX_AT_674"
"ALDH4A1_18876315-18876467_18875381-18875503_18877207-18877255","ALDH4A1_AT_675"
"CWF19L1_100236850-100236969_100235666-100235764_100238021-100238231","CWF19L1_AT_676"
"PDPR_70131302-70131419_70130422-70130544_70132150-70132300","PDPR_AT_677"
"MAPK3_30117137-30117285_30116893-30117003_30117669-30117784","MAPK3_AT_678"
"PCCA_100515427-100515567_100449251-100449305_100527674-100527752","PCCA_AT_679"
"OSBP2_30741161-30741369_30694873-30695553_30870428-30870682","OSBP2_AT_680"
"PCED1A_2836039-2836314_2835313-2835709_2838231-2838478","PCED1A_AT_681"
"SLC37A4_119026603-119026688_119025966-119026080_119026936-119027095","SLC37A4_AT_682"
"ZNF608_124744084-124745172_124701013-124701269_124748532-124748807","ZNF608_AT_683"
"HEG1_125014713-125015012_125012622-125013990_125019261-125019412","HEG1_AT_684"
"PHF19_120861918-120862005_120861088-120861174_120862587-120862749","PHF19_AT_685"
"DCP1A_53304177-53304290_53292068-53292827_53312240-53312379","DCP1A_AT_686"
"SDCCAG8_243415702-243415829_243378720-243378863_243426426-243426558","SDCCAG8_AT_687"
"ACAD10_111727962-111728143_111721670-111721739_111733922-111734047","ACAD10_AT_688"
"ERCC6_49524033-49524777_49515197-49517121_49528416-49528525","ERCC6_AT_689"
"ELOB_2775451-2775625_2771940-2772102_2776992-2777127","ELOB_AT_690"
"HACL1_15591600-15591680_15589539-15589612_15596383-15596424","HACL1_AT_691"
"NUB1_151374097-151374243_151368734-151368887_151375847-151375943","NUB1_AT_692"
"NT5C2_103139406-103139479_103106588-103106706_103174857-103174982","NT5C2_AT_693"
"RBM19_113950083-113950154_113948832-113949036_113952511-113952590","RBM19_AT_694"
"PAN2_56318237-56318434_56316222-56317643_56319087-56319181","PAN2_AT_695"
"MYEF2_48167349-48167401_48166120-48166128_48168630-48168839","MYEF2_AT_696"
"FHOD3_36687128-36687178_36681435-36681570_36693208-36693423","FHOD3_AT_697"
"HDX_84475251-84475397_84468471-84469575_84502341-84502453","HDX_AT_698"
"HIRA_19351358-19351446_19330697-19331556_19353355-19353519","HIRA_AT_699"
"EIF6_35280654-35280829_35279941-35280118_35284175-35284261","EIF6_AT_700"
"ZNF586_57776543-57776669_57769654-57769878_57778750-57780614","ZNF586_AT_701"
"CLVS1_61299677-61300278_61287979-61288138_61376604-61378375","CLVS1_AT_702"
"HERPUD2_35670215-35670328_35667433-35667588_35694183-35694566","HERPUD2_AT_703"
"LIN54_82970327-82970469_82946257-82946474_82984160-82984876","LIN54_AT_704"
"ZNF727_64069514-64069609_64068890-64069017_64077275-64085339","ZNF727_AT_705"
"RICTOR_39074111-39074158_39021038-39021136_39074328-39074389","RICTOR_AT_706"
"MPI_74890527-74890654_74890038-74890089_74891378-74891489","MPI_AT_707"
"STARD9_42583346-42583415_42575605-42575762_42585520-42585634","STARD9_AT_708"
"CEP57L1_109145219-109145381_109095157-109095575_109146757-109146933","CEP57L1_AT_709"
"PCMTD1_51860861-51861246_51845660-51845763_51898929-51899113","PCMTD1_AT_710"
"HNRNPUL1_41305832-41305867_41303971-41304261_41306448-41307029","HNRNPUL1_AT_711"
"GUSB_65970282-65970366_65967730-65967907_65974294-65974401","GUSB_AT_712"
"GUSB_65979727-65979911_65979398-65979541_65980223-65980409","GUSB_AT_713"
"PRUNE1_151028786-151028944_151027232-151027327_151033805-151033837","PRUNE1_AT_714"
"PRIMPOL_184661774-184661903_184659339-184659437_184665916-184666064","PRIMPOL_AT_715"
"CERS5_50142053-50142110_50138566-50138617_50143073-50143204","CERS5_AT_716"
"LDLRAD3_36036103-36036249_35944061-35944144_36081652-36081778","LDLRAD3_AT_717"
"PGS1_78414952-78415027_78403567-78404089_78419545-78419596","PGS1_AT_718"
"POMT2_77311949-77312033_77306245-77306441_77320433-77320476","POMT2_AT_719"
"ABCA1_104884427-104884568_104883038-104883157_104889101-104889195","ABCA1_AT_720"
"ZDHHC13_19142978-19143123_19117167-19117276_19146180-19146303","ZDHHC13_AT_721"
"PKP4_158678581-158678654_158673882-158674000_158680428-158681052","PKP4_AT_722"
"HEXA_72347686-72347758_72345269-72346325_72348047-72348134","HEXA_AT_723"
"CAMTA1_6871757-6871840_6825091-6825210_6887653-6887787","CAMTA1_AT_724"
"POLR3H_41532604-41532745_41532093-41532157_41540698-41540795","POLR3H_AT_725"
"UHRF2_6433914-6434173_6420911-6421142_6460572-6460581","UHRF2_AT_726"
"SCAMP3_155260537-155260659_155260329-155260450_155262085-155262227","SCAMP3_AT_727"
"SCAMP3_155261657-155261734_155260329-155260450_155262085-155262360","SCAMP3_AT_728"
"TUBD1_59890831-59891041_59886082-59886230_59892696-59892715","TUBD1_AT_729"
"WNK2_93299070-93299261_93297852-93298067_93308327-93308584","WNK2_AT_730"
"TTF1_132401455-132402828_132400034-132400258_132406789-132406840","TTF1_AT_731"
"PHYH_13288360-13288541_13283689-13283839_13294427-13294596","PHYH_AT_732"
"MKI67_128114928-128116007_128113426-128113602_128116490-128116536","MKI67_AT_733"
"EEF2K_22257643-22257770_22257252-22257385_22258493-22258695","EEF2K_AT_734"
"TXNRD1_104288931-104289040_104286880-104287346_104311289-104311412","TXNRD1_AT_735"
"ACSF3_89114339-89114487_89112091-89112246_89120800-89120913","ACSF3_AT_736"
"ALG5_36994989-36995035_36993603-36993672_36995424-36995596","ALG5_AT_737"
"G2E3_30605505-30605812_30601998-30602131_30607887-30608002","G2E3_AT_738"
"SHF_45171883-45172002_45167213-45168133_45173575-45173716","SHF_AT_739"
"INTS14_65607159-65607425_65605128-65605236_65611097-65611154","INTS14_AT_740"
"LRRC28_99334018-99334129_99287813-99287951_99352368-99352457","LRRC28_AT_741"
"ZNF625-ZNF20_12145258-12146224_12142640-12142736_12147394-12147455","ZNF625-ZNF20_AT_742"
"TLK2_62552302-62552397_62536169-62536337_62560015-62560126","TLK2_AT_743"
"FHOD3_36372680-36372744_36355538-36355645_36501931-36501999","FHOD3_AT_744"
"MBD1_50274977-50275045_50274185-50274353_50275128-50275155","MBD1_AT_745"
"OGT_71555190-71555385_71554512-71554592_71555953-71556094","OGT_AT_746"
"SYNJ1_32699838-32700105_32695056-32695282_32701960-32702047","SYNJ1_AT_747"
"TEAD2_49355303-49355419_49355147-49355206_49357251-49357255","TEAD2_AT_748"
"TEAD2_49355312-49355419_49355147-49355206_49357251-49357314","TEAD2_AT_749"
"INTS9_28846747-28846809_28837636-28837776_28850212-28850273","INTS9_AT_750"
"CDK5_151055753-151055848_151055531-151055606_151056579-151056636","CDK5_AT_751"
"BRAF_140753275-140754233_140749286-140749418_140776911-140777088","BRAF_AT_752"
"CCM2_45068443-45068579_45064462-45064646_45069825-45069961","CCM2_AT_753"
"CDC45_19482690-19482827_19480952-19481045_19483861-19483873","CDC45_AT_754"
"TUBG2_42662973-42663052_42660638-42660707_42663376-42663503","TUBG2_AT_755"
"CDK19_110638649-110638706_110632029-110632161_110667433-110667574","CDK19_AT_756"
"RARS2_87548591-87548646_87545615-87545699_87555407-87555501","RARS2_AT_757"
"PTPN23_47404652-47404779_47396142-47396217_47405004-47405081","PTPN23_AT_758"
"TMEM175_952367-952450_951645-951717_953189-953303","TMEM175_AT_759"
"DLG1_197149743-197149796_197142717-197142768_197194424-197194589","DLG1_AT_760"
"COP1_176175910-176176007_176163814-176163891_176184632-176184664","COP1_AT_761"
"TTC7B_90730075-90730196_90695499-90695578_90744791-90744922","TTC7B_AT_762"
"ASAP2_9391062-9391196_9388293-9388546_9393481-9393647","ASAP2_AT_763"
"TBC1D23_100311833-100311877_100310402-100310542_100316098-100316187","TBC1D23_AT_764"
"FKBP7_178469652-178469785_178463663-178465931_178478278-178478595","FKBP7_AT_765"
"FKBP7_178477062-178477213_178465762-178469785_178478278-178478317","FKBP7_AT_766"
"WDHD1_55026711-55026803_55013484-55013596_55027027-55027099","WDHD1_AT_767"
"TMX2_57737913-57738026_57737607-57737668_57738353-57738430","TMX2_AT_768"
"NVL_224311800-224311857_224307990-224308263_224317693-224317793","NVL_AT_769"
"POMT2_77301090-77301249_77299454-77299561_77302834-77302943","POMT2_AT_770"
"HMGCR_75355056-75355214_75354502-75354697_75355364-75355522","HMGCR_AT_771"
"MLH1_37020310-37020463_37014431-37014544_37025636-37026007","MLH1_AT_772"
"YKT6_44208407-44211124_44208132-44208198_44212246-44214166","YKT6_AT_773"
"YKT6_44208795-44211124_44208132-44208198_44212246-44214166","YKT6_AT_774"
"FAN1_30910614-30910815_30908117-30908258_30913857-30914091","FAN1_AT_775"
"PQBP1_48902219-48902517_48901929-48902042_48902731-48902795","PQBP1_AT_776"
"HECTD3_45009986-45010121_45009567-45009683_45010200-45010293","HECTD3_AT_777"
"MRPS28_80002999-80003180_79918716-79919148_80030035-80030259","MRPS28_AT_778"
"TMX3_68700405-68700485_68697930-68698031_68710020-68710144","TMX3_AT_779"
"MELK_36594628-36594771_36589535-36589652_36597221-36597290","MELK_AT_780"
"MELK_36657241-36657363_36651745-36651877_36665349-36665581","MELK_AT_781"
"GGA3_75243063-75243258_75242883-75242911_75243446-75243570","GGA3_AT_782"
"SEC31A_82842140-82842481_82828999-82829058_82844385-82844460","SEC31A_AT_783"
"SEC31A_82842185-82842481_82828999-82829058_82844385-82844509","SEC31A_AT_784"
"PDPR_70143510-70143658_70142470-70142686_70144420-70144533","PDPR_AT_785"
"PATL1_59655956-59656045_59655522-59655740_59656498-59656600","PATL1_AT_786"
"NARS2_78441091-78441117_78435967-78436814_78443660-78443758","NARS2_AT_787"
"PDIA5_123130480-123130616_123124271-123124343_123145521-123145592","PDIA5_AT_788"
"TM7SF3_26979784-26979936_26976259-26976357_26980565-26980646","TM7SF3_AT_789"
"EHMT1_137775109-137775252_137762674-137762820_137776617-137776840","EHMT1_AT_790"
"ARHGEF25_57614016-57614119_57613693-57613760_57614330-57614400","ARHGEF25_AT_791"
"FBXW8_116949618-116949706_116945363-116945528_116964696-116964854","FBXW8_AT_792"
"NCOR2_124457106-124457162_124449814-124449867_124466172-124466286","NCOR2_AT_793"
"UPF3A_114282837-114282943_114281924-114282127_114286518-114286629","UPF3A_AT_794"
"ERI3_44339045-44339322_44319627-44319744_44352849-44352925","ERI3_AT_795"
"NUMB_73284081-73284374_73282244-73282505_73287109-73287173","NUMB_AT_796"
"VRK1_96856130-96856250_96853073-96855356_96856527-96856586","VRK1_AT_797"
"GSTZ1_77327912-77328037_77327471-77327552_77329122-77329201","GSTZ1_AT_798"
"PCNP_101579842-101580004_101574189-101574279_101590214-101590270","PCNP_AT_799"
"CAPRIN2_30720811-30720915_30719078-30719225_30723258-30723314","CAPRIN2_AT_800"
"CKLF_66563122-66563217_66558189-66558348_66565885-66566068","CKLF_AT_801"
"SLC25A11_4939060-4939212_4938768-4938975_4939815-4940046","SLC25A11_AT_802"
"ABCA5_69251747-69251866_69250471-69250621_69253572-69253667","ABCA5_AT_803"
"ZNF317_9157980-9158075_9156611-9157394_9158825-9158908","ZNF317_AT_804"
"TMLHE_155545096-155545277_155524270-155524632_155612791-155612877","TMLHE_AT_805"
"SYP_49194166-49194361_49191992-49193463_49198967-49199033","SYP_AT_806"
"SLC25A17_40799023-40799083_40779008-40779125_40819194-40819326","SLC25A17_AT_807"
"HM13_31554760-31554829_31550063-31550121_31559610-31559647","HM13_AT_808"
"MGME1_17988166-17988298_17970056-17970370_17989938-17990231","MGME1_AT_809"
"ERCC1_45419098-45419197_45416490-45416897_45421177-45421393","ERCC1_AT_810"
"DBF4_87904292-87904416_87900763-87900878_87907187-87907219","DBF4_AT_811"
"RNASET2_166948570-166948625_166946392-166946739_166952487-166952534","RNASET2_AT_812"
"FUCA2_143502355-143502565_143501931-143502122_143507236-143507424","FUCA2_AT_813"
"FUCA2_143503913-143504252_143501931-143502122_143507236-143507424","FUCA2_AT_814"
"MARCHF1_163854021-163854169_163700812-163700863_163988500-163988709","MARCHF1_AT_815"
"ZFAND3_37929959-37929999_37819726-37820016_38061592-38061775","ZFAND3_AT_816"
"PTGR2_73879096-73879305_73876997-73877168_73880054-73880176","PTGR2_AT_817"
"N4BP1_48551386-48551482_48548006-48548114_48553538-48553669","N4BP1_AT_818"
"POU6F1_51191596-51191764_51186935-51190592_51192329-51192471","POU6F1_AT_819"
"XRCC2_152660701-152660782_152644775-152649363_152676040-152676141","XRCC2_AT_820"
"CAPN7_15245526-15245671_15242177-15242253_15246731-15246794","CAPN7_AT_821"
"FRYL_48549473-48549623_48548689-48548793_48550591-48550704","FRYL_AT_822"
"KLHL8_87185251-87185571_87183202-87183389_87195323-87195690","KLHL8_AT_823"
"MYT1L_1922286-1923263_1917204-1917339_1942981-1943334","MYT1L_AT_824"
"ADCY9_4007368-4007558_3993348-3993510_4113749-4114026","ADCY9_AT_825"
"SKA3_21155693-21155811_21153594-21155150_21157921-21158125","SKA3_AT_826"
"USP25_15777904-15778027_15765996-15766141_15791501-15791664","USP25_AT_827"
"TNIK_171128714-171128878_171125911-171126151_171138190-171138379","TNIK_AT_828"
"ADGRB2_31755999-31756815_31744647-31744731_31763883-31763922","ADGRB2_AT_829"
"MINDY1_151000457-151000615_150999861-150999964_151001249-151001314","MINDY1_AT_830"
"LIN9_226295842-226295946_226287663-226287797_226297718-226297813","LIN9_AT_831"
"STX3_59787037-59787136_59773210-59773294_59788872-59788947","STX3_AT_832"
"MAP4_47853163-47853352_47850689-47852938_47855247-47855360","MAP4_AT_833"
"CDC25A_48180721-48180840_48177853-48177988_48182928-48183027","CDC25A_AT_834"
"AGPAT5_6741661-6741751_6732560-6732650_6755050-6755174","AGPAT5_AT_835"
"AGPAT5_6747670-6747828_6732560-6732650_6755050-6755174","AGPAT5_AT_836"
"KIF2C_44753132-44753254_44750441-44750564_44753732-44753833","KIF2C_AT_837"
"LARP1B_128091347-128091512_128091000-128091144_128098185-128098330","LARP1B_AT_838"
"SMAD2_47870475-47870564_47869242-47869436_47896520-47896809","SMAD2_AT_839"
"MRPL55_228108235-228108318_228107666-228107869_228109148-228109283","MRPL55_AT_840"
"DMTF1_87194684-87194828_87193724-87194102_87195030-87195166","DMTF1_AT_841"
"SDR39U1_24441674-24441795_24440203-24440926_24442345-24442452","SDR39U1_AT_842"
"TNRC6A_24795907-24795939_24794543-24794719_24797489-24797503","TNRC6A_AT_843"
"SPAG16_213310059-213310177_213297261-213297357_213317218-213317356","SPAG16_AT_844"
"NR2C1_95031349-95031488_95028386-95028524_95040475-95040597","NR2C1_AT_845"
"DTNB_25596086-25596240_25580720-25580826_25628170-25628384","DTNB_AT_846"
"RIF1_151422950-151423042_151420189-151420379_151428783-151428922","RIF1_AT_847"
"SDHC_161328396-161328497_161314380-161314425_161340593-161340655","SDHC_AT_848"
"ASRGL1_62356325-62356467_62337889-62338167_62356986-62357132","ASRGL1_AT_849"
"NOVA1_26472320-26472391_26443089-26448963_26479976-26480143","NOVA1_AT_850"
"TOGARAM1_45008913-45009145_45006007-45006267_45011974-45012075","TOGARAM1_AT_851"
"HEXA_72346527-72346710_72343455-72346325_72348047-72348134","HEXA_AT_852"
"ATE1_121899866-121899994_121870005-121870038_121902390-121902504","ATE1_AT_853"
"TMEM205_11345520-11345737_11345251-11345415_11346126-11346248","TMEM205_AT_854"
"MELK_36583627-36583712_36581643-36581739_36589535-36589652","MELK_AT_855"
"ERCC6L2_95907078-95907271_95897848-95897971_95915667-95915829","ERCC6L2_AT_856"
"ERCC6L2_95907123-95907271_95897848-95897971_95915667-95915829","ERCC6L2_AT_857"
"KAT2B_20148403-20148487_20148242-20148306_20152331-20154404","KAT2B_AT_858"
"SLC1A2_35292287-35292520_35286050-35286951_35301518-35301641","SLC1A2_AT_859"
"HIKESHI_86306245-86306482_86302210-86302478_86337378-86337495","HIKESHI_AT_860"
"DDX55_123607432-123607523_123606072-123606159_123607599-123607662","DDX55_AT_861"
"CDCA3_6850833-6851009_6850198-6850596_6851221-6851249","CDCA3_AT_862"
"MCRS1_49566077-49566215_49565528-49565667_49568047-49568100","MCRS1_AT_863"
"PUF60_143824313-143824399_143821817-143821913_143829279-143829315","PUF60_AT_864"
"PIBF1_72783423-72783721_72782132-72782349_72792446-72792547","PIBF1_AT_865"
"PCCA_100102883-100102960_100089014-100089225_100111840-100111888","PCCA_AT_866"
"KIAA0895_36356902-36357590_36336153-36336297_36366915-36367240","KIAA0895_AT_867"
"CCNF_2432961-2433067_2431129-2431284_2435805-2435873","CCNF_AT_868"
"FBXO25_432886-432935_431340-431444_435614-435700","FBXO25_AT_869"
"CDK10_89689252-89689324_89686669-89686759_89690552-89690557","CDK10_AT_870"
"XPA_97687096-97687261_97684922-97685040_97693648-97693759","XPA_AT_871"
"CD320_8303855-8304088_8302776-8302980_8308148-8308350","CD320_AT_872"
"SEZ6L_26365372-26365566_26351051-26351243_26375574-26375689","SEZ6L_AT_873"
"FER_108954729-108954932_108946129-108946222_108959224-108959347","FER_AT_874"
"SUMF2_56074174-56074218_56072996-56073111_56074585-56074639","SUMF2_AT_875"
"OCIAD2_48892772-48892889_48885018-48885565_48894005-48894053","OCIAD2_AT_876"
"CHID1_893427-893519_884067-884169_899339-899401","CHID1_AT_877"
"POMGNT1_46189180-46189357_46188682-46188980_46189457-46189567","POMGNT1_AT_878"
"POMGNT1_46189242-46189357_46188682-46188980_46189457-46189567","POMGNT1_AT_879"
"CHMP3_86542252-86542312_86529217-86529397_86563303-86563374","CHMP3_AT_880"
"TGFBR1_99132497-99132739_99128854-99129100_99137858-99138089","TGFBR1_AT_881"
"BTBD1_83050073-83050178_83041727-83041925_83056388-83056545","BTBD1_AT_882"
"ILF3_10680346-10680443_10679815-10679927_10681018-10681028","ILF3_AT_883"
"CHTOP_153643227-153643364_153642242-153642429_153645063-153645470","CHTOP_AT_884"
"ABCC8_17395172-17395470_17394265-17394399_17395609-17395718","ABCC8_AT_885"
"TBC1D14_7004844-7004924_7001144-7001251_7010652-7010777","TBC1D14_AT_886"
"CHD1L_147252623-147252735_147242676-147242830_147254869-147254976","CHD1L_AT_887"
"SENP5_196927796-196927879_196923413-196923551_196929632-196929683","SENP5_AT_888"
"PGM3_83190809-83191014_83188613-83188798_83193178-83193231","PGM3_AT_889"
"BCAP29_107580646-107580864_107580271-107580301_107583881-107583982","BCAP29_AT_890"
"CUL9_43186960-43187095_43185954-43186455_43187245-43187439","CUL9_AT_891"
"TMEM167A_83065008-83065117_83061876-83061911_83077320-83077394","TMEM167A_AT_892"
"RPS6KC1_213071006-213071041_213051232-213051509_213077695-213077816","RPS6KC1_AT_893"
"HEXA_72353068-72353178_72351131-72351234_72355558-72355624","HEXA_AT_894"
"COPZ1_54340463-54340615_54325128-54325181_54342205-54342287","COPZ1_AT_895"
"PITHD1_23779438-23779481_23778417-23778713_23779863-23779941","PITHD1_AT_896"
"ZNF43_21819095-21819221_21817887-21817986_21836035-21836182","ZNF43_AT_897"
"TRIM37_59104293-59104394_59091299-59091340_59106440-59106459","TRIM37_AT_898"
"ZNF136_12185785-12185911_12163095-12163206_12186113-12186157","ZNF136_AT_899"
"NUP58_25309247-25309282_25307805-25307948_25312882-25312956","NUP58_AT_900"
"ABCB8_151033605-151033917_151028449-151028610_151034272-151034428","ABCB8_AT_901"
"UBE2D1_58361495-58361526_58361337-58361401_58363608-58363686","UBE2D1_AT_902"
"DNAJC19_180988178-180988229_180984564-180988096_180989599-180989673","DNAJC19_AT_903"
"AKR1C2_4999200-4999277_4998624-4998747_5000549-5000666","AKR1C2_AT_904"
"EXOSC1_97443237-97443311_97440763-97441259_97445731-97445847","EXOSC1_AT_905"
"MAN2B1_12658428-12658510_12658223-12658344_12661259-12661376","MAN2B1_AT_906"
"ZNF384_6678663-6678710_6678126-6678343_6678945-6679183","ZNF384_AT_907"
"WDR45_49077643-49077747_49076644-49076750_49077836-49077911","WDR45_AT_908"
"TAF1B_9875865-9876018_9868275-9868429_9882705-9882805","TAF1B_AT_909"
"XPO4_20855627-20855765_20843769-20843886_20862716-20862858","XPO4_AT_910"
"ABCD4_74299548-74299675_74297835-74298069_74302874-74302910","ABCD4_AT_911"
"ABCD4_74300150-74300268_74297638-74298069_74302874-74302918","ABCD4_AT_912"
"GARNL3_127348924-127349035_127345402-127345477_127353845-127353944","GARNL3_AT_913"
"MFF_227347226-227347384_227342744-227342819_227352513-227352573","MFF_AT_914"
"NGLY1_25720014-25720191_25718943-25719635_25729132-25729318","NGLY1_AT_915"
"MPDZ_13122087-13122170_13121738-13121932_13123152-13123271","MPDZ_AT_916"
"ELMO2_46387338-46387431_46386123-46386275_46389038-46389220","ELMO2_AT_917"
"PPM1E_58965694-58965893_58955648-58955767_58969538-58969727","PPM1E_AT_918"
"PICALM_85974708-85974812_85957174-85959060_85981128-85981228","PICALM_AT_919"
"ST3GAL3_43920404-43920550_43899335-43899727_43930131-43931122","ST3GAL3_AT_920"
"VRK3_49997504-49997570_49995190-49995275_50000789-50000854","VRK3_AT_921"
"RAB3A_18202513-18202855_18200326-18200445_18203895-18204012","RAB3A_AT_922"
"VARS2_30914805-30915037_30914251-30914344_30915155-30915237","VARS2_AT_923"
"MATR3_139307239-139308327_139293777-139294028_139314674-139314736","MATR3_AT_924"
"HCFC1R1_3023233-3023412_3022840-3022998_3023846-3024273","HCFC1R1_AT_925"
"EEF1D_143588991-143590081_143586728-143586852_143592646-143592660","EEF1D_AT_926"
"TRAPPC8_31913369-31913522_31909666-31909760_31916271-31916446","TRAPPC8_AT_927"
"MADD_47273827-47273976_47270147-47270246_47274562-47274726","MADD_AT_928"
"CPNE6_24072933-24073104_24070948-24071641_24073498-24073647","CPNE6_AT_929"
"TXNL4A_79977598-79977701_79970812-79973856_79988239-79988536","TXNL4A_AT_930"
"GDAP1L1_44258377-44258607_44257152-44257345_44263229-44263327","GDAP1L1_AT_931"
"ZMAT4_40674704-40674931_40581164-40581261_40697244-40697401","ZMAT4_AT_932"
"VARS2_30914810-30915037_30914237-30914344_30915155-30915237","VARS2_AT_933"
"SPNS1_28981901-28982056_28981454-28981615_28982355-28982545","SPNS1_AT_934"
"FAM53C_138341184-138341413_138338265-138338307_138341808-138341866","FAM53C_AT_935"
"EVL_100137740-100137802_100137105-100137644_100141179-100141246","EVL_AT_936"
"CADM3_159193870-159193902_159193422-159193560_159196363-159196454","CADM3_AT_937"
"MFSD14B_94440985-94441099_94438400-94438528_94444963-94445182","MFSD14B_AT_938"
"RUFY2_68396780-68396881_68394327-68394451_68401619-68401737","RUFY2_AT_939"
"ARHGEF40_21073932-21075180_21070272-21070399_21075331-21075499","ARHGEF40_AT_940"
"POLB_42352519-42352568_42344959-42345019_42355515-42355567","POLB_AT_941"
"TEAD2_49359844-49360081_49359434-49359499_49362372-49362457","TEAD2_AT_942"
"SLC12A9_100856868-100857176_100855705-100855837_100858834-100858942","SLC12A9_AT_943"
"ACHE_100892334-100892554_100891168-100891338_100893164-100894252","ACHE_AT_944"
"ACHE_100892334-100892643_100891168-100891338_100893164-100893904","ACHE_AT_945"
"GOLT1B_21506885-21506976_21501788-21501948_21512294-21512376","GOLT1B_AT_946"
"LETMD1_51058032-51058128_51055879-51056502_51059360-51059412","LETMD1_AT_947"
"SEZ6L_26373451-26373483_26351051-26351243_26375577-26375689","SEZ6L_AT_948"
"SDR39U1_24442109-24442260_24441677-24441795_24442345-24442375","SDR39U1_AT_949"
"NUSAP1_41375712-41375828_41371526-41371684_41377195-41377288","NUSAP1_AT_950"
"TUBD1_59880894-59881110_59878102-59878334_59886082-59886230","TUBD1_AT_951"
"MRPL43_100986687-100986975_100983754-100983817_100987089-100987196","MRPL43_AT_952"
"MRPL43_100986749-100986975_100983754-100983817_100987089-100987196","MRPL43_AT_953"
"MXD3_177310668-177310697_177310425-177310540_177311378-177311484","MXD3_AT_954"
"TUBGCP6_50220192-50221874_50219956-50220015_50222027-50222102","TUBGCP6_AT_955"
"TUBGCP6_50220251-50221874_50219956-50220015_50222027-50222102","TUBGCP6_AT_956"
"TUBGCP6_50221275-50221874_50219956-50220015_50222027-50222102","TUBGCP6_AT_957"
"ZIK1_57588539-57588665_57584259-57584612_57590010-57590198","ZIK1_AT_958"
"HPCA_32888878-32889276_32886081-32886119_32893523-32893629","HPCA_AT_959"
"EZH2_148832634-148832750_148829727-148829848_148846496-148846598","EZH2_AT_960"
"AVL9_32580219-32580272_32575954-32576072_32580801-32580890","AVL9_AT_961"
"RPGRIP1_21343036-21343228_21334604-21334705_21345112-21345197","RPGRIP1_AT_962"
"MYT1L_1922292-1923263_1917204-1917339_1942981-1943334","MYT1L_AT_963"
"IDH3B_2658759-2658837_2658394-2658522_2659524-2659585","IDH3B_AT_964"
"MAK_10830548-10830877_10818885-10818940_10838502-10838531","MAK_AT_965"
"CSDE1_114730508-114730568_114730257-114730422_114732603-114732816","CSDE1_AT_966"
"NDUFA8_122152245-122152408_122148111-122148277_122159626-122159779","NDUFA8_AT_967"
"CLASP2_33592213-33592239_33588704-33588731_33592394-33592496","CLASP2_AT_968"
"TMX2_57738664-57739039_57737607-57737668_57739130-57739181","TMX2_AT_969"
"SDR39U1_24442178-24442260_24440782-24440926_24442345-24442448","SDR39U1_AT_970"
"SDR39U1_24442178-24442260_24441673-24441795_24442345-24442448","SDR39U1_AT_971"
"ITGB3BP_63478764-63478833_63454889-63454968_63508527-63508570","ITGB3BP_AT_972"
"SUN1_851384-851482_843340-843520_851949-852043","SUN1_AT_973"
"GOLT1B_21508383-21508561_21501792-21501948_21512294-21512376","GOLT1B_AT_974"
"PTEN_87925513-87925557_87894024-87894109_87931045-87931089","PTEN_AT_975"
"DDX31_132625664-132625745_132612086-132612255_132630263-132630403","DDX31_AT_976"
"DDX31_132625664-132625745_132618329-132618441_132630263-132630403","DDX31_AT_977"
"KMT5B_68180132-68180200_68175017-68175183_68185780-68185928","KMT5B_AT_978"
"SCAMP1_78449933-78450034_78421800-78421960_78459244-78459362","SCAMP1_AT_979"
"CLK3_74622120-74622216_74619966-74620225_74622493-74622560","CLK3_AT_980"
"ASPHD1_29904852-29904965_29900487-29901920_29919530-29919632","ASPHD1_AT_981"
"ASPHD1_29905788-29905959_29904851-29904965_29919530-29919632","ASPHD1_AT_982"
"ZNF85_20934024-20934150_20923221-20923403_20948743-20950302","ZNF85_AT_983"
"CEP57_95822499-95822576_95821870-95821978_95827785-95828027","CEP57_AT_984"
"GAPVD1_125342219-125342299_125341176-125341264_125346818-125346941","GAPVD1_AT_985"
"SGO1_20174249-20175055_20171042-20171232_20176600-20176659","SGO1_AT_986"
"TMX3_68700405-68700485_68697930-68698031_68701744-68701790","TMX3_AT_987"
"PDCD4_110875966-110876070_110871794-110872018_110881232-110881535","PDCD4_AT_988"
"PIGF_46614937-46615185_46613693-46613785_46616969-46617041","PIGF_AT_989"
"TEX264_51674271-51674562_51671174-51671288_51684412-51684467","TEX264_AT_990"
"IQCB1_121772557-121772713_121769760-121770574_121781742-121781874","IQCB1_AT_991"
"EBF3_129840844-129841032_129840244-129840334_129842115-129842293","EBF3_AT_992"
"LTBP3_65552860-65552982_65552247-65552406_65553163-65553256","LTBP3_AT_993"
"ARFGAP2_47175851-47175923_47171663-47171800_47176515-47176634","ARFGAP2_AT_994"
"SDCCAG8_243417968-243418076_243415701-243415829_243426426-243426558","SDCCAG8_AT_995"
"LIG3_34983232-34983552_34980557-34980622_34985987-34986131","LIG3_AT_996"
"STX3_59795372-59795482_59793379-59793514_59800854-59801485","STX3_AT_997"
"NAGK_71071686-71071827_71068315-71068712_71072640-71072690","NAGK_AT_998"
"GTF3A_27432731-27432804_27430532-27430621_27434138-27434150","GTF3A_AT_999"
"NUP54_76131230-76131284_76130655-76130749_76132522-76132719","NUP54_AT_1000"
